patente;tipo;bloqueante;veredicto;fecha_correcta;tiene_la_base;calza;evidencia
BOM-MP-002;calibracion;;ILEGIBLE;;Sun Mar 15;;"No se pudo abrir: Failed to parse URL from /certificaciones/demo/cal_bom_mp_002.pdf"
DCHD-83;analisis_gases;;ILEGIBLE;;Wed Jun 03;;"El PDF no tiene texto: es un escaneo. Hay que abrirlo y leerlo a ojo."
DCHD-83;ficha_tecnica;;NO DECLARA;SIN VENCIMIENTO;Thu Dec 31;si;"Especificaciones Técnicas & Equipamiento | DIMENSIONES (mm) Canter 4T Canter 5T | Largo/Ancho/Alto 6,030 / 2,035 / 2,245 6,750 / 2,035 / 2,245"
DCHD-83;hermeticidad;SI;DECLARA;2026-07-27;Mon Jul 27;NO;"Fecha de vencimiento lunes, 27 de julio de 2026"
DCHD-83;inscripcion_sec;;ILEGIBLE;;Thu Dec 31;;"El PDF no tiene texto: es un escaneo. Hay que abrirlo y leerlo a ojo."
DCHD-83;laminas_seguridad;;ILEGIBLE;;Thu Dec 31;;"El PDF no tiene texto: es un escaneo. Hay que abrirlo y leerlo a ojo."
DCHD-83;mantencion;;NO DECLARA;SIN VENCIMIENTO;Thu Feb 15;si;"FICHA DE MANTENIMIENTO CANTER 7.5 FE85D | MOTOR 4M50 EURO IV | Intervalos de mantenimiento"
DCHD-83;padron;;ILEGIBLE;;Thu Dec 31;;"El PDF no tiene texto: es un escaneo. Hay que abrirlo y leerlo a ojo."
DCHD-83;permiso_circulacion;SI;DECLARA;2026-09-30;Wed Sep 30;NO;"LA HIGUERA 2025 MUNICIPALIDAD DE LA AÑO VALIDO HASTA PLACA UNICA → 30/09/2026 DC-HD83-5"
DCHD-83;revision_tecnica;SI;ILEGIBLE;;Sat Nov 28;;"El PDF no tiene texto: es un escaneo. Hay que abrirlo y leerlo a ojo."
DCHD-83;seguro_rc;;NO DECLARA;SIN VENCIMIENTO;Sun Aug 27;si;"PÓLIZA | Ramo : VEHICULOS COMERCIALES Esta entidad aseguradora, en consideración a la | Propuesta presentada por el asegurado, y a las : 8783721-1 Póliza N°"
DCHD-83;soap;SI;NO DECLARA;SIN VENCIMIENTO;Wed Sep 30;si;"IMPORTANTE INFORMACION SOBRE ESTE SEGURO COBERTURA : El SOAP cubre la muerte, En el caso de incapacidad permanente parcial, los pagos por gastos médicos sumados"
DCHD-83;tc8_sec;SI;ILEGIBLE;;Wed Mar 06;;"El PDF no tiene texto: es un escaneo. Hay que abrirlo y leerlo a ojo."
DJKL-18;aire_acondicionado;;NO DECLARA;SIN VENCIMIENTO;Tue Aug 08;si;"OPLLADO | Coquimbo, 27 de enero de 2026 EMPRESAS | CERTIFICADO DE MANTENCION DE AIRE"
DJKL-18;analisis_gases;;ILEGIBLE;;Wed Dec 30;;"El PDF no tiene texto: es un escaneo. Hay que abrirlo y leerlo a ojo."
DJKL-18;ausencia_falla_ecm;;NO DECLARA;SIN VENCIMIENTO;Thu Dec 31;si;"PILLADO | EMPRESAS Coquimbo, 20 de enero de 2026 | CERTIFICADO DE AUSENCIA DE CODIGOS DE"
DJKL-18;calibracion;;ILEGIBLE;;Wed Aug 18;;"El PDF no tiene texto: es un escaneo. Hay que abrirlo y leerlo a ojo."
DJKL-18;cert_cabina;;ILEGIBLE;;Thu Dec 31;;"El PDF no tiene texto: es un escaneo. Hay que abrirlo y leerlo a ojo."
DJKL-18;flujo_descarga;;ILEGIBLE;;Wed Aug 18;;"El PDF no tiene texto: es un escaneo. Hay que abrirlo y leerlo a ojo."
DJKL-18;hermeticidad;SI;ILEGIBLE;;Mon Jun 29;;"El PDF no tiene texto: es un escaneo. Hay que abrirlo y leerlo a ojo."
DJKL-18;inscripcion_sec;;ILEGIBLE;;Thu Dec 31;;"El PDF no tiene texto: es un escaneo. Hay que abrirlo y leerlo a ojo."
DJKL-18;inventario_neumaticos;;NO DECLARA;SIN VENCIMIENTO;Thu Feb 18;si;"MODELO MARCA FECHA EQUIPO FAENA PATENTE | ITEM | 12 10 11 8 7 5 2 1 3"
DJKL-18;laminas_seguridad;;NO DECLARA;SIN VENCIMIENTO;Sat Apr 24;si;"VENTA E INSTALACIÓN DE CRISTALES | AUTOMOTRICES Y MAQUINARIAS PESADA | CERTIFICADO DE LAMINA DE SEGURIDAD"
DJKL-18;mantencion;;NO DECLARA;SIN VENCIMIENTO;Fri Dec 05;si;"Coquimbo, 13 de mayo de 2026 | CERTIFICADO DE MANTENIMIENTO. | Por medio del presente documento se certifica que el equipo que a continuación se"
DJKL-18;operatividad;;NO DECLARA;SIN VENCIMIENTO;Wed Dec 31;si;"OPILLADO | Coquimbo, 20 de enero de 2026 EMPRESAS | CERTIFICADO DE OPERATIVIDAD DEL EQUIPO"
DJKL-18;optico_sobrellenado;;NO DECLARA;SIN VENCIMIENTO;Thu Dec 31;si;"PILLADO | EMPRESAS Coquimbo, 17 de febrero de 2026 | CERTIFICADO DE FUNCIONAMIENTO DEL"
DJKL-18;padron;;ILEGIBLE;;Thu Dec 31;;"El PDF no tiene texto: es un escaneo. Hay que abrirlo y leerlo a ojo."
DJKL-18;permiso_circulacion;SI;DECLARA;2026-09-30;Wed Sep 30;NO;"LA HIGUERA 2025 MUNICIPALIDAD DE LA AÑO VALIDO HASTA PLACA UNICA → 30/09/2026 DJ-KL18-7"
DJKL-18;revision_tecnica;SI;ILEGIBLE;;Wed Dec 30;;"El PDF no tiene texto: es un escaneo. Hay que abrirlo y leerlo a ojo."
DJKL-18;seguro_rc;;NO DECLARA;SIN VENCIMIENTO;Sun Aug 27;si;"PÓLIZA | Ramo : VEHICULOS COMERCIALES Esta entidad aseguradora, en consideración a la | Propuesta presentada por el asegurado, y a las : 8783721-1 Póliza N°"
DJKL-18;soap;SI;NO DECLARA;SIN VENCIMIENTO;Wed Sep 30;si;"IMPORTANTE INFORMACION SOBRE ESTE SEGURO COBERTURA : El SOAP cubre la muerte, En el caso de incapacidad permanente parcial, los pagos por gastos médicos sumados"
DJKL-18;tacografo;;NO DECLARA;SIN VENCIMIENTO;Thu Dec 31;si;"PILLADO | EMPRESAS Coquimbo, 20 de enero de 2026 | CERTIFICADO DE FUNCIONAMIENTO DEL"
DJKL-18;tc8_sec;SI;ILEGIBLE;;Thu Dec 31;;"El PDF no tiene texto: es un escaneo. Hay que abrirlo y leerlo a ojo."
DJKL-18;torque_ruedas;;NO DECLARA;SIN VENCIMIENTO;Tue Jul 20;si;"PILLADO | Coquimbo, 20 de enero de 2026 EMPRESAS | CERTIFICADO DE TORQUE"
EST-MP-001;seremi;SI;ILEGIBLE;;Wed Apr 15;;"No se pudo abrir: Failed to parse URL from /certificaciones/demo/seremi_est_mp_001.pdf"
EST-PE-001;sec;SI;ILEGIBLE;;Sun Mar 01;;"No se pudo abrir: Failed to parse URL from /certificaciones/demo/sec_est_pe_001.pdf"
FJTJ-60;aire_acondicionado;;NO DECLARA;SIN VENCIMIENTO;Mon Sep 27;si;"PILLAD0 | EMPRESAS Coquimbo, 26 de marzo de 2026 | CERTIFICADO DE MANTENCION DE"
FJTJ-60;analisis_gases;;ILEGIBLE;;Wed Feb 03;;"No se pudo abrir: Invalid PDF structure."
FJTJ-60;ausencia_falla_ecm;;NO DECLARA;SIN VENCIMIENTO;Fri Nov 20;si;"PILLAD0 | EMPRESAS Coquimbo, 26 de marzo de 2026 | CERTIFICADODE AUSENCIA DE CODIGOS DE"
FJTJ-60;calibracion;;ILEGIBLE;;Sat Jan 30;;"No se pudo abrir: Invalid PDF structure."
FJTJ-60;cert_cabina;;ILEGIBLE;;Thu Dec 31;;"El PDF no tiene texto: es un escaneo. Hay que abrirlo y leerlo a ojo."
FJTJ-60;ficha_tecnica;;NO DECLARA;SIN VENCIMIENTO;Thu Dec 31;si;"www.kaufmann.cl | Atego1624 A 4x4 | VENTAS: AV. GLADYS MARÍN 5830. ESTACIÓN CENTRAL - SANTIAGO. TELÉFONO: (02) 2720 2000 - VENTAS: (02) 2720 2842"
FJTJ-60;flujo_descarga;;ILEGIBLE;;Sat Jan 30;;"No se pudo abrir: Invalid PDF structure."
FJTJ-60;hermeticidad;SI;ILEGIBLE;;Thu Apr 01;;"El PDF no tiene texto: es un escaneo. Hay que abrirlo y leerlo a ojo."
FJTJ-60;inscripcion_rnvm;;ILEGIBLE;;Thu Dec 31;;"El PDF no tiene texto: es un escaneo. Hay que abrirlo y leerlo a ojo."
FJTJ-60;inscripcion_sec;;ILEGIBLE;;Thu Dec 31;;"El PDF no tiene texto: es un escaneo. Hay que abrirlo y leerlo a ojo."
FJTJ-60;inventario_neumaticos;;NO DECLARA;SIN VENCIMIENTO;Wed Mar 31;si;"VITACORA DE NEUMATICOs | EQUIPO KILOMETRAJE 260866 | FECHA 04/03/2026 HOROMETRO"
FJTJ-60;laminas_seguridad;;ILEGIBLE;;Thu Dec 31;;"El PDF no tiene texto: es un escaneo. Hay que abrirlo y leerlo a ojo."
FJTJ-60;mantencion;;NO DECLARA;SIN VENCIMIENTO;Fri Sep 03;si;"PILLAD0 | EMPRESAS Coquimbo, 03 de marzo de 2026 | CERTIFICADODE MANTENIMIENTO."
FJTJ-60;operatividad;;ILEGIBLE;;Thu May 20;;"El PDF no tiene texto: es un escaneo. Hay que abrirlo y leerlo a ojo."
FJTJ-60;padron;;ILEGIBLE;;Thu Dec 31;;"El PDF no tiene texto: es un escaneo. Hay que abrirlo y leerlo a ojo."
FJTJ-60;permiso_circulacion;SI;DECLARA;2026-09-30;Wed Sep 30;NO;"LA HIGUERA 2025 MUNICIPALIDAD DE LA AÑO VALIDO HASTA PLACA UNICA → 30/09/2026 FJ-TJ60-7"
FJTJ-60;revision_tecnica;SI;ILEGIBLE;;Wed Feb 03;;"No se pudo abrir: Invalid PDF structure."
FJTJ-60;seguro_rc;;NO DECLARA;SIN VENCIMIENTO;Sun Aug 27;si;"PÓLIZA | Ramo : VEHICULOS COMERCIALES Esta entidad aseguradora, en consideración a la | Propuesta presentada por el asegurado, y a las : 8783721-1 Póliza N°"
FJTJ-60;soap;SI;NO DECLARA;SIN VENCIMIENTO;Wed Sep 30;si;"IMPORTANTE INFORMACION SOBRE ESTE SEGURO COBERTURA : El SOAP cubre la muerte, En el caso de incapacidad permanente parcial, los pagos por gastos médicos sumados"
FJTJ-60;tacografo;;NO DECLARA;SIN VENCIMIENTO;Thu Dec 31;si;"PILLAD0 | Coquimbo, 21 de octubre de 2025 EMPRESAS | CERTIFICADO DE FUNCIONAMIENTO DEL"
FJTJ-60;tc8_sec;SI;ILEGIBLE;;Wed Mar 06;;"El PDF no tiene texto: es un escaneo. Hay que abrirlo y leerlo a ojo."
FJTJ-60;torque_ruedas;;NO DECLARA;SIN VENCIMIENTO;Mon Sep 27;si;"PILLAD0 | EMPRESAS Coquimbo, 27 de marzo de 2026 | CERTIFICADO DE TORQUE"
FJTJ-61;aire_acondicionado;;ILEGIBLE;;Fri Jul 31;;"El PDF no tiene texto: es un escaneo. Hay que abrirlo y leerlo a ojo."
FJTJ-61;analisis_gases;;ILEGIBLE;;Tue Jul 14;;"El PDF no tiene texto: es un escaneo. Hay que abrirlo y leerlo a ojo."
FJTJ-61;ausencia_falla_ecm;;ILEGIBLE;;Fri Jul 31;;"El PDF no tiene texto: es un escaneo. Hay que abrirlo y leerlo a ojo."
FJTJ-61;calibracion;;ILEGIBLE;;Fri Jul 31;;"El PDF no tiene texto: es un escaneo. Hay que abrirlo y leerlo a ojo."
FJTJ-61;cert_cabina;;ILEGIBLE;;Thu Dec 31;;"El PDF no tiene texto: es un escaneo. Hay que abrirlo y leerlo a ojo."
FJTJ-61;ficha_tecnica;;NO DECLARA;SIN VENCIMIENTO;Thu Dec 31;si;"www.kaufmann.cl | Atego1624 A 4x4 | VENTAS: AV. GLADYS MARÍN 5830. ESTACIÓN CENTRAL - SANTIAGO. TELÉFONO: (02) 2720 2000 - VENTAS: (02) 2720 2842"
FJTJ-61;flujo_descarga;;ILEGIBLE;;Fri Jul 31;;"El PDF no tiene texto: es un escaneo. Hay que abrirlo y leerlo a ojo."
FJTJ-61;hermeticidad;;ILEGIBLE;;Fri Jan 22;;"El PDF no tiene texto: es un escaneo. Hay que abrirlo y leerlo a ojo."
FJTJ-61;inscripcion_sec;;ILEGIBLE;;Thu Dec 31;;"El PDF no tiene texto: es un escaneo. Hay que abrirlo y leerlo a ojo."
FJTJ-61;inventario_neumaticos;;ILEGIBLE;;Sat Nov 30;;"El PDF no tiene texto: es un escaneo. Hay que abrirlo y leerlo a ojo."
FJTJ-61;laminas_seguridad;;ILEGIBLE;;Thu Dec 31;;"El PDF no tiene texto: es un escaneo. Hay que abrirlo y leerlo a ojo."
FJTJ-61;mantencion;;ILEGIBLE;;Wed Jul 22;;"El PDF no tiene texto: es un escaneo. Hay que abrirlo y leerlo a ojo."
FJTJ-61;operatividad;;ILEGIBLE;;Fri Jul 31;;"El PDF no tiene texto: es un escaneo. Hay que abrirlo y leerlo a ojo."
FJTJ-61;optico_sobrellenado;;ILEGIBLE;;Fri Jul 31;;"El PDF no tiene texto: es un escaneo. Hay que abrirlo y leerlo a ojo."
FJTJ-61;padron;;ILEGIBLE;;Thu Dec 31;;"El PDF no tiene texto: es un escaneo. Hay que abrirlo y leerlo a ojo."
FJTJ-61;permiso_circulacion;SI;DECLARA;2026-09-30;Wed Sep 30;NO;"LA HIGUERA 2025 MUNICIPALIDAD DE LA AÑO VALIDO HASTA PLACA UNICA → 30/09/2026 FJ-TJ61-5"
FJTJ-61;revision_tecnica;SI;ILEGIBLE;;Sat Jan 09;;"No se pudo abrir: Invalid PDF structure."
FJTJ-61;seguro_rc;;NO DECLARA;SIN VENCIMIENTO;Sun Aug 27;si;"PÓLIZA | Ramo : VEHICULOS COMERCIALES Esta entidad aseguradora, en consideración a la | Propuesta presentada por el asegurado, y a las : 8783721-1 Póliza N°"
FJTJ-61;soap;SI;NO DECLARA;SIN VENCIMIENTO;Wed Sep 30;si;"IMPORTANTE INFORMACION SOBRE ESTE SEGURO COBERTURA : El SOAP cubre la muerte, En el caso de incapacidad permanente parcial, los pagos por gastos médicos sumados"
FJTJ-61;tacografo;;ILEGIBLE;;Thu Dec 31;;"El PDF no tiene texto: es un escaneo. Hay que abrirlo y leerlo a ojo."
FJTJ-61;tc8_sec;;ILEGIBLE;;Thu Dec 31;;"El PDF no tiene texto: es un escaneo. Hay que abrirlo y leerlo a ojo."
FJTJ-61;torque_ruedas;;ILEGIBLE;;Tue Dec 10;;"El PDF no tiene texto: es un escaneo. Hay que abrirlo y leerlo a ojo."
FSLZ-67;aire_acondicionado;;NO DECLARA;SIN VENCIMIENTO;Thu Dec 31;si;"PILLAD0 | Coquimbo, 11 de noviembre de 2025 EMPRESAS | CERTIFICADCO DE MANTENCION DE AIRE"
FSLZ-67;analisis_gases;;ILEGIBLE;;Sat Dec 26;;"No se pudo abrir: Invalid PDF structure."
FSLZ-67;ausencia_falla_ecm;;NO DECLARA;SIN VENCIMIENTO;Fri Jun 18;si;"PILLADO | EMPRESAS Coquimbo, 25 de marzo de 2026 | CERTIFICADODE AUSENCIA DE CODIGOS DE"
FSLZ-67;calibracion;;ILEGIBLE;;Tue Dec 22;;"El PDF no tiene texto: es un escaneo. Hay que abrirlo y leerlo a ojo."
FSLZ-67;cert_cabina;;ILEGIBLE;;Thu Dec 31;;"El PDF no tiene texto: es un escaneo. Hay que abrirlo y leerlo a ojo."
FSLZ-67;flujo_descarga;;NO DECLARA;SIN VENCIMIENTO;Fri May 07;si;"PILLADO | Coquimbo, 07 de noviembre de 2025 | EMPRESAS"
FSLZ-67;hermeticidad;SI;ILEGIBLE;;Thu Nov 11;;"El PDF no tiene texto: es un escaneo. Hay que abrirlo y leerlo a ojo."
FSLZ-67;inscripcion_sec;;ILEGIBLE;;Thu Dec 31;;"El PDF no tiene texto: es un escaneo. Hay que abrirlo y leerlo a ojo."
FSLZ-67;inventario_neumaticos;;ILEGIBLE;;Mon Jun 10;;"El PDF no tiene texto: es un escaneo. Hay que abrirlo y leerlo a ojo."
FSLZ-67;laminas_seguridad;;ILEGIBLE;;Thu Dec 31;;"El PDF no tiene texto: es un escaneo. Hay que abrirlo y leerlo a ojo."
FSLZ-67;mantencion;;ILEGIBLE;;Wed Sep 30;;"No se pudo abrir: Invalid PDF structure."
FSLZ-67;operatividad;;NO DECLARA;SIN VENCIMIENTO;Sun Sep 26;si;"PILLAD0 | Coquimbo, 26 de marzo de 2026 EMPRESAS | CERTIFICADO DE OPERATIVIDAD DEL EQUIPO"
FSLZ-67;optico_sobrellenado;;NO DECLARA;SIN VENCIMIENTO;Sun Sep 26;si;"PILLADO | EMPRESAS Coquimbo, 23 de marzo de 2026 | CERTIFICADO DE FUNCIONAMIENTO DEL"
FSLZ-67;padron;;ILEGIBLE;;Thu Dec 31;;"El PDF no tiene texto: es un escaneo. Hay que abrirlo y leerlo a ojo."
FSLZ-67;permiso_circulacion;SI;DECLARA;2026-09-30;Wed Sep 30;NO;"LA HIGUERA 2025 MUNICIPALIDAD DE LA AÑO VALIDO HASTA PLACA UNICA → 30/09/2026 FS-LZ67-6"
FSLZ-67;revision_tecnica;SI;ILEGIBLE;;Sat Dec 26;;"No se pudo abrir: Invalid PDF structure."
FSLZ-67;seguro_rc;;NO DECLARA;SIN VENCIMIENTO;Sun Aug 27;si;"PÓLIZA | Ramo : VEHICULOS COMERCIALES Esta entidad aseguradora, en consideración a la | Propuesta presentada por el asegurado, y a las : 8783721-1 Póliza N°"
FSLZ-67;soap;SI;NO DECLARA;SIN VENCIMIENTO;Wed Sep 30;si;"IMPORTANTE INFORMACION SOBRE ESTE SEGURO COBERTURA : El SOAP cubre la muerte, En el caso de incapacidad permanente parcial, los pagos por gastos médicos sumados"
FSLZ-67;tacografo;;NO DECLARA;SIN VENCIMIENTO;Thu Dec 31;si;"PILLADO | EMPRESAS Coquimbo, 25 de marzo de 2026 | CERTIFICADO DE FUNCIONAMIENTO DEL"
FSLZ-67;tc8_sec;SI;ILEGIBLE;;Sun Dec 31;;"El PDF no tiene texto: es un escaneo. Hay que abrirlo y leerlo a ojo."
FSLZ-67;torque_ruedas;;NO DECLARA;SIN VENCIMIENTO;Sun Sep 26;si;"PILLAD0 | EMPRESAS Coquimbo, 25 de marzo de 2026 | CERTIFICADO DE TORQUE"
GCHT-12;aire_acondicionado;;ILEGIBLE;;Thu Dec 31;;"El PDF no tiene texto: es un escaneo. Hay que abrirlo y leerlo a ojo."
GCHT-12;analisis_gases;;ILEGIBLE;;Wed Aug 19;;"El PDF no tiene texto: es un escaneo. Hay que abrirlo y leerlo a ojo."
GCHT-12;ausencia_falla_ecm;;ILEGIBLE;;Thu Dec 31;;"El PDF no tiene texto: es un escaneo. Hay que abrirlo y leerlo a ojo."
GCHT-12;cert_cabina;;NO DECLARA;SIN VENCIMIENTO;Thu Dec 31;si;"CERTIFICADO | Estimado Cliente | Salinas y Fabres S.A., representante de Mack Trucks, Inc., certifica que el camión descrito en el sucesivo, tiene"
GCHT-12;ficha_tecnica;;NO DECLARA;SIN VENCIMIENTO;Thu Dec 31;si;"MACK GRANITE GU 813 EURO 5 | GU 813 SX 6x4 T310 | 3,099 4,648 2,997"
GCHT-12;flujo_descarga;;ILEGIBLE;;Thu Dec 31;;"El PDF no tiene texto: es un escaneo. Hay que abrirlo y leerlo a ojo."
GCHT-12;inventario_neumaticos;;ILEGIBLE;;Thu Oct 03;;"El PDF no tiene texto: es un escaneo. Hay que abrirlo y leerlo a ojo."
GCHT-12;laminas_seguridad;;ILEGIBLE;;Thu Dec 31;;"El PDF no tiene texto: es un escaneo. Hay que abrirlo y leerlo a ojo."
GCHT-12;mantencion;;NO DECLARA;SIN VENCIMIENTO;Thu Jun 17;si;"PILLAD0 | EMPRESAS Coquimbo, 17diciembre de 2025 | CERTIFICADO DE MANTENIMIENTO."
GCHT-12;operatividad;;ILEGIBLE;;Thu Jun 17;;"El PDF no tiene texto: es un escaneo. Hay que abrirlo y leerlo a ojo."
GCHT-12;padron;;ILEGIBLE;;Thu Dec 31;;"El PDF no tiene texto: es un escaneo. Hay que abrirlo y leerlo a ojo."
GCHT-12;permiso_circulacion;SI;DECLARA;2026-09-30;Wed Sep 30;NO;"LA HIGUERA 2025 MUNICIPALIDAD DE LA AÑO VALIDO HASTA PLACA UNICA → 30/09/2026 GC-HT12-K"
GCHT-12;revision_tecnica;SI;ILEGIBLE;;Wed Aug 19;;"El PDF no tiene texto: es un escaneo. Hay que abrirlo y leerlo a ojo."
GCHT-12;seguro_rc;;NO DECLARA;SIN VENCIMIENTO;Sun Aug 27;si;"PÓLIZA | Ramo : VEHICULOS COMERCIALES Esta entidad aseguradora, en consideración a la | Propuesta presentada por el asegurado, y a las : 8783721-1 Póliza N°"
GCHT-12;sist_riego;;ILEGIBLE;;Thu Dec 31;;"El PDF no tiene texto: es un escaneo. Hay que abrirlo y leerlo a ojo."
GCHT-12;soap;SI;NO DECLARA;SIN VENCIMIENTO;Wed Sep 30;si;"IMPORTANTE INFORMACION SOBRE ESTE SEGURO COBERTURA : El SOAP cubre la muerte, En el caso de incapacidad permanente parcial, los pagos por gastos médicos sumados"
GCHT-12;tacografo;;ILEGIBLE;;Thu Dec 31;;"El PDF no tiene texto: es un escaneo. Hay que abrirlo y leerlo a ojo."
GCHT-12;torque_ruedas;;ILEGIBLE;;Thu Dec 31;;"El PDF no tiene texto: es un escaneo. Hay que abrirlo y leerlo a ojo."
GCSY-66;aire_acondicionado;;NO DECLARA;SIN VENCIMIENTO;Thu Dec 31;si;"Coquimbo 07-04-2023 | CERTIFICADO DE MANTENCION AIRE ACONDICIONADO | Bajo Cero SpA, domiciliada en Colon 352, La Serena. Certifica por medio de este documento q"
GCSY-66;ausencia_falla_ecm;;NO DECLARA;SIN VENCIMIENTO;Thu Dec 31;si;"Coquimbo, 04 de mayo de 2026 | CERTIFICADO DE AUSENCIA DE CODIGOS DE | FALLA DEL ECM DEL CAMION."
GCSY-66;ficha_tecnica;;NO DECLARA;SIN VENCIMIENTO;Thu Dec 31;si;"MONTACARGAS CON MOTOR DE EXPLOSIÓN | 7FG/7FD 3,5 a 5,0 toneladas | Ud. ha de apreciar la diferencia"
GCSY-66;inscripcion_rnvm;;ILEGIBLE;;Thu Dec 31;;"El PDF no tiene texto: es un escaneo. Hay que abrirlo y leerlo a ojo."
GCSY-66;inventario_neumaticos;;ILEGIBLE;;Thu Dec 31;;"El PDF no tiene texto: es un escaneo. Hay que abrirlo y leerlo a ojo."
GCSY-66;laminas_seguridad;;ILEGIBLE;;Thu Dec 31;;"El PDF no tiene texto: es un escaneo. Hay que abrirlo y leerlo a ojo."
GCSY-66;mant_hidraulico;;ILEGIBLE;;Thu Dec 31;;"El PDF no tiene texto: es un escaneo. Hay que abrirlo y leerlo a ojo."
GCSY-66;mantencion;;ILEGIBLE;;Thu Mar 14;;"El PDF no tiene texto: es un escaneo. Hay que abrirlo y leerlo a ojo."
GCSY-66;operatividad;;NO DECLARA;SIN VENCIMIENTO;Thu Dec 31;si;"Coquimbo, 04 de mayo de 2026 | CERTIFICADO DE OPERATIVIDAD DEL EQUIPO | Pillado y Compañía Limitada, Rut 77.316.540-8, certifica que el siguiente vehículo"
GCSY-66;permiso_circulacion;SI;DECLARA;2026-09-30;Wed Sep 30;NO;"LA HIGUERA 2025 MUNICIPALIDAD DE LA AÑO VALIDO HASTA PLACA UNICA → 30/09/2026 GC-SY66-9"
GCSY-66;revision_tecnica;SI;ILEGIBLE;;Thu Dec 31;;"El PDF no tiene texto: es un escaneo. Hay que abrirlo y leerlo a ojo."
GCSY-66;seguro_rc;;DECLARA;2023-02-20;Thu Dec 31;NO;"Tipo Nro. Sec. Vencimiento Situación Valor → 1/10 20-02-2023 PAGADO 1,73"
GCSY-66;soap;SI;NO DECLARA;SIN VENCIMIENTO;Wed Sep 30;si;"IMPORTANTE INFORMACION SOBRE ESTE SEGURO COBERTURA : El SOAP cubre la muerte, En el caso de incapacidad permanente parcial, los pagos por gastos médicos sumados"
GDP 30TK;ficha_tecnica;;NO DECLARA;SIN VENCIMIENTO;Thu Dec 31;si;"Models: | GDP/GLP 20,25,30,35 VX | TM Yale Veracitor VX Series 1) Standard Electronic features electronic circuit master cylinder has sealed fluid reservoir"
GDP 30TK;mantencion;;NO DECLARA;SIN VENCIMIENTO;Thu Dec 31;si;"Coquimbo 17-03-2022 | CERTIFICADO MANTENCION AIRE ACONDICIONADO | Bajo Cero SpA, domiciliada en Colon 352, La Serena. Certifica por medio de este documento que"
GGHB-32;aire_acondicionado;;ILEGIBLE;;Thu Nov 05;;"El PDF no tiene texto: es un escaneo. Hay que abrirlo y leerlo a ojo."
GGHB-32;analisis_gases;;NO DECLARA;SIN VENCIMIENTO;Mon Aug 24;si;"REVISIONES GUAYACAN SpA | AV. FECHA LÀ CANTERA 1351 | COQUIMBO 24 FERRERO 2026"
GGHB-32;ausencia_falla_ecm;;ILEGIBLE;;Thu Nov 05;;"El PDF no tiene texto: es un escaneo. Hay que abrirlo y leerlo a ojo."
GGHB-32;cert_cabina;;NO DECLARA;SIN VENCIMIENTO;Thu Dec 31;si;"CERTIFICADO | Estimado Cliente | Salinas y Fabres S.A., representante de Mack Trucks, Inc., certifica que el camión descrito en el sucesivo, tiene"
GGHB-32;ficha_tecnica;;NO DECLARA;SIN VENCIMIENTO;Thu Dec 31;si;"MACK GRANITE GU 813 EURO 5 | GU 813 P.J.L. 18.0 Allison | 3,099 7,493 2,997"
GGHB-32;grilletes_eslingas;;NO DECLARA;SIN VENCIMIENTO;Thu Dec 31;si;"GRILLETE LIRA ALTA RESISTENCIA 5/8"" | Cliente: PILLADO Y COMPAÃ‘IA LIMITADA Fecha: | RUT: 77.316.540-8 11-09-2019"
GGHB-32;inventario_neumaticos;;NO DECLARA;SIN VENCIMIENTO;Fri Sep 27;si;"VITACORA DE NEUMATICOS | EQUIPO |KILOMETRAJE 115781 | FECHA HOROMETRO 04/03/2026 9441"
GGHB-32;laminas_seguridad;;NO DECLARA;SIN VENCIMIENTO;Thu Dec 31;si;"Scanned by CamScanner"
GGHB-32;mant_hidraulico;;ILEGIBLE;;Thu Dec 31;;"El PDF no tiene texto: es un escaneo. Hay que abrirlo y leerlo a ojo."
GGHB-32;mantencion;;ILEGIBLE;;Fri Jan 29;;"El PDF no tiene texto: es un escaneo. Hay que abrirlo y leerlo a ojo."
GGHB-32;operatividad;;ILEGIBLE;;Thu May 06;;"El PDF no tiene texto: es un escaneo. Hay que abrirlo y leerlo a ojo."
GGHB-32;padron;;ILEGIBLE;;Thu Dec 31;;"El PDF no tiene texto: es un escaneo. Hay que abrirlo y leerlo a ojo."
GGHB-32;permiso_circulacion;SI;DECLARA;2026-09-30;Wed Sep 30;NO;"LA HIGUERA 2025 MUNICIPALIDAD DE LA AÑO VALIDO HASTA PLACA UNICA → 30/09/2026 GG-HB32-9"
GGHB-32;revision_tecnica;SI;NO DECLARA;SIN VENCIMIENTO;Mon Aug 24;si;"REVISIONES GUAYACAN SpA | FECHA |AV. LA CANTERA 1351 CöQUIMBO | 24 FEBRERO 2026"
GGHB-32;seguro_rc;;NO DECLARA;SIN VENCIMIENTO;Sun Aug 27;si;"PÓLIZA | Ramo : VEHICULOS COMERCIALES Esta entidad aseguradora, en consideración a la | Propuesta presentada por el asegurado, y a las : 8783721-1 Póliza N°"
GGHB-32;sist_riego;;ILEGIBLE;;Thu May 06;;"El PDF no tiene texto: es un escaneo. Hay que abrirlo y leerlo a ojo."
GGHB-32;soap;SI;NO DECLARA;SIN VENCIMIENTO;Wed Sep 30;si;"IMPORTANTE INFORMACION SOBRE ESTE SEGURO COBERTURA : El SOAP cubre la muerte, En el caso de incapacidad permanente parcial, los pagos por gastos médicos sumados"
GGHB-32;tacografo;;ILEGIBLE;;Thu Dec 31;;"El PDF no tiene texto: es un escaneo. Hay que abrirlo y leerlo a ojo."
GGHB-32;torque_ruedas;;ILEGIBLE;;Thu Jul 29;;"El PDF no tiene texto: es un escaneo. Hay que abrirlo y leerlo a ojo."
HHWB-42;analisis_gases;;ILEGIBLE;;Wed Jun 03;;"El PDF no tiene texto: es un escaneo. Hay que abrirlo y leerlo a ojo."
HHWB-42;cert_cabina;;NO DECLARA;SIN VENCIMIENTO;Thu Dec 31;si;"CERTIFICADO | Estimado Cliente | Salinas y Fabres S.A., representante de Mack Trucks, Inc., certifica que el camión descrito en el sucesivo, tiene"
HHWB-42;ficha_tecnica;;NO DECLARA;SIN VENCIMIENTO;Thu Dec 31;si;"MACK GRANITE GU 813 EURO 5 | GU 813 P.J.L. ABS Allison | 3,099 7,493 2,997"
HHWB-42;hermeticidad;SI;NO DECLARA;SIN VENCIMIENTO;Thu Aug 27;si;"lnforme. a Protesala | TranscripcTÚT | Fiel SISTEMA NACIONAL DE ACREDITACION"
HHWB-42;inscripcion_rnvm;;ILEGIBLE;;Thu Dec 31;;"El PDF no tiene texto: es un escaneo. Hay que abrirlo y leerlo a ojo."
HHWB-42;inscripcion_sec;;ILEGIBLE;;Thu Dec 31;;"El PDF no tiene texto: es un escaneo. Hay que abrirlo y leerlo a ojo."
HHWB-42;laminas_seguridad;;NO DECLARA;SIN VENCIMIENTO;Thu Dec 31;si;"VENTA E INSTALACIÓN DE CRISTALES | AUTOMOTRICES Y MAQUINARIAS PESADA | CERTIFICADO DE LAMINA DE SEGURIDAD"
HHWB-42;padron;;ILEGIBLE;;Thu Dec 31;;"El PDF no tiene texto: es un escaneo. Hay que abrirlo y leerlo a ojo."
HHWB-42;permiso_circulacion;SI;DECLARA;2026-09-30;Wed Sep 30;NO;"LA HIGUERA 2025 MUNICIPALIDAD DE LA AÑO VALIDO HASTA PLACA UNICA → 30/09/2026 HH-WB42-4"
HHWB-42;revision_tecnica;SI;ILEGIBLE;;Wed Jun 03;;"El PDF no tiene texto: es un escaneo. Hay que abrirlo y leerlo a ojo."
HHWB-42;seguro_rc;;NO DECLARA;SIN VENCIMIENTO;Sun Aug 27;si;"PÓLIZA | Ramo : VEHICULOS COMERCIALES Esta entidad aseguradora, en consideración a la | Propuesta presentada por el asegurado, y a las : 8783721-1 Póliza N°"
HHWB-42;soap;SI;NO DECLARA;SIN VENCIMIENTO;Wed Sep 30;si;"IMPORTANTE INFORMACION SOBRE ESTE SEGURO COBERTURA : El SOAP cubre la muerte, En el caso de incapacidad permanente parcial, los pagos por gastos médicos sumados"
HHWB-42;tc8_sec;;ILEGIBLE;;Sun Sep 08;;"El PDF no tiene texto: es un escaneo. Hay que abrirlo y leerlo a ojo."
HHWB-44;aire_acondicionado;;NO DECLARA;SIN VENCIMIENTO;Fri May 14;si;"PILLADO | EMPRESAS Coquimbo, 14 de noviembre de 2025 | CERTIFICADO DE MANTENCION DE AIRE"
HHWB-44;analisis_gases;;ILEGIBLE;;Sat Dec 05;;"No se pudo abrir: Invalid PDF structure."
HHWB-44;ausencia_falla_ecm;;NO DECLARA;SIN VENCIMIENTO;Fri May 14;si;"PILLADO | EMPRESAS Coquimbo, 14 de noviembre de 2025 | CERTIFICADO DEAUSENCIA DE CODIGOS DE"
HHWB-44;calibracion;;NO DECLARA;SIN VENCIMIENTO;Thu May 13;si;"PILLAD0 | EMPRESAS Coquimbo, 13 de noviembre de 2025 | CERTIFICADO DE CALIBRACION"
HHWB-44;cert_cabina;;NO DECLARA;SIN VENCIMIENTO;Thu Dec 31;si;"CERTIFICADO | Estimado Cliente | Salinas y Fabres S.A., representante de Mack Trucks, Inc., certifica que el camión descrito en el sucesivo, tiene"
HHWB-44;ficha_tecnica;;NO DECLARA;SIN VENCIMIENTO;Thu Dec 31;si;"MACK GRANITE GU 813 EURO 5 | GU 813 P.J.L. ABS Allison | 3,099 7,493 2,997"
HHWB-44;flujo_descarga;;NO DECLARA;SIN VENCIMIENTO;Thu May 13;si;"ILLADO | EMPRESAS Coquimbo, 13 de noviembre de 2025 | CERTIFICADO DE LA PRUEBA DEL FLUJO DEL"
HHWB-44;hermeticidad;SI;NO DECLARA;SIN VENCIMIENTO;Mon Mar 29;si;"Fiel Transcripción Protocolo a Informe. | Revisado por:_ | Fechas MATEMA NACKOAA"
HHWB-44;inscripcion_sec;;NO DECLARA;SIN VENCIMIENTO;Thu Dec 31;si;"PAGINA 1 de 2 | Comprobante de Declaración de Camión Tanque de Transporte de | Combustibles Líquidos."
HHWB-44;laminas_seguridad;;NO DECLARA;SIN VENCIMIENTO;Thu Dec 31;si;"VENTA E INSTALACIÓN DE CRISTALES | AUTOMOTRICES Y MAQUINARIAS PESADA | CERTIFICADO DE LAMINA DE SEGURIDAD"
HHWB-44;mantencion;;NO DECLARA;SIN VENCIMIENTO;Mon May 10;si;"PILLAD0 | Coquimbo, 10 de octubre de 2025 EMPRESAS | CERTIFICADO DE MANTENIMIENTO."
HHWB-44;operatividad;;NO DECLARA;SIN VENCIMIENTO;Mon May 17;si;"PILLAD0 | Coguimbo, 17 de noviembre de 2025 EMPRESAS | CERTIFICADO DE OPERATIVIDAD DEL EQUIPO"
HHWB-44;optico_sobrellenado;;NO DECLARA;SIN VENCIMIENTO;Fri Dec 31;si;"LADO | OPLL | Coquimbo, 13 de noviembre de 2025 EMPRESAS"
HHWB-44;padron;;ILEGIBLE;;Thu Dec 31;;"El PDF no tiene texto: es un escaneo. Hay que abrirlo y leerlo a ojo."
HHWB-44;permiso_circulacion;SI;DECLARA;2026-09-30;Wed Sep 30;NO;"LA HIGUERA 2025 MUNICIPALIDAD DE LA AÑO VALIDO HASTA PLACA UNICA → 30/09/2026 HH-WB44-0"
HHWB-44;revision_tecnica;SI;ILEGIBLE;;Sat Dec 05;;"No se pudo abrir: Invalid PDF structure."
HHWB-44;seguro_rc;;NO DECLARA;SIN VENCIMIENTO;Sun Aug 27;si;"PÓLIZA | Ramo : VEHICULOS COMERCIALES Esta entidad aseguradora, en consideración a la | Propuesta presentada por el asegurado, y a las : 8783721-1 Póliza N°"
HHWB-44;soap;SI;NO DECLARA;SIN VENCIMIENTO;Wed Sep 30;si;"IMPORTANTE INFORMACION SOBRE ESTE SEGURO COBERTURA : El SOAP cubre la muerte, En el caso de incapacidad permanente parcial, los pagos por gastos médicos sumados"
HHWB-44;tacografo;;NO DECLARA;SIN VENCIMIENTO;Thu Dec 31;si;"PILLADO0 | EMPRESAS Coquimbo, 14 de noviembre de 2025 | CERTIFICADODE FUNCIONAMIENTO DEL"
HHWB-44;tc8_sec;SI;ILEGIBLE;;Wed Oct 02;;"El PDF no tiene texto: es un escaneo. Hay que abrirlo y leerlo a ojo."
HHWB-44;torque_ruedas;;NO DECLARA;SIN VENCIMIENTO;Mon May 17;si;"PILLAD0 | EMPRESAS Coquimbo, 17 de noviembre de 2025 | CERTIFICADO DE TORQUE"
HKSR-81;aire_acondicionado;;NO DECLARA;SIN VENCIMIENTO;Fri Sep 24;si;"PILLADO | EMPRESAS Coquimbo, 17 de marzo de 2026 | CERTIFICADO DE MANTENCION DE AIRE"
HKSR-81;analisis_gases;;ILEGIBLE;;Thu Jun 04;;"El PDF no tiene texto: es un escaneo. Hay que abrirlo y leerlo a ojo."
HKSR-81;ausencia_falla_ecm;;NO DECLARA;SIN VENCIMIENTO;Wed Jun 23;si;"PILLADO | EMPRESAS Coquimbo, 16 de marzo de 2026 | CERTIFICADO DE AUSENCIA DE CODIGOS DE"
HKSR-81;calibracion;;NO DECLARA;SIN VENCIMIENTO;Fri Sep 24;si;"PILLADO | EMPRESAS Coquimbo, 16 de marzo de 2026 | CERTIFICADO DE CALIBRACIÓN"
HKSR-81;cert_cabina;;ILEGIBLE;;Thu Dec 31;;"El PDF no tiene texto: es un escaneo. Hay que abrirlo y leerlo a ojo."
HKSR-81;ficha_tecnica;;NO DECLARA;SIN VENCIMIENTO;Thu Dec 31;si;"www.kaufmann.cl | Axor 2633 / 4500 6x4 | VENTAS: AV. GLADYS MARIN 5830. ESTACIÓN CENTRAL - SANTIAGO. TELÉFONO: (02) 2720 2000 - VENTAS: (02) 2720 2801"
HKSR-81;flujo_descarga;;NO DECLARA;SIN VENCIMIENTO;Fri Dec 31;si;"PILLADO0 | EMPRESAS Coquimbo, 16 de marzo de 2026 | CERTIFICADO DE LA PRUEBA DEL FLUJO DEL"
HKSR-81;grilletes_eslingas;;ILEGIBLE;;Thu Dec 31;;"El PDF no tiene texto: es un escaneo. Hay que abrirlo y leerlo a ojo."
HKSR-81;hermeticidad;SI;ILEGIBLE;;Thu Nov 28;;"El PDF no tiene texto: es un escaneo. Hay que abrirlo y leerlo a ojo."
HKSR-81;inscripcion_sec;;ILEGIBLE;;Thu Dec 31;;"El PDF no tiene texto: es un escaneo. Hay que abrirlo y leerlo a ojo."
HKSR-81;inventario_neumaticos;;NO DECLARA;SIN VENCIMIENTO;Tue Mar 02;si;"VITACORA DE NEUMATICOS | EQUIPO Aljibe combustible 15.000 litros KILOMETRAJE 83278 | FECHA 02/03/2026 HOROMETRO 5211"
HKSR-81;laminas_seguridad;;ILEGIBLE;;Thu Dec 31;;"El PDF no tiene texto: es un escaneo. Hay que abrirlo y leerlo a ojo."
HKSR-81;mantencion;;ILEGIBLE;;Wed Jun 23;;"El PDF no tiene texto: es un escaneo. Hay que abrirlo y leerlo a ojo."
HKSR-81;operatividad;;NO DECLARA;SIN VENCIMIENTO;Fri Sep 24;si;"PILLADO | EMPRESAS Coquimbo, 20de marzo de 2026 | CERTIFICADO DE OPERATIVIDAD DEL EQUIPO"
HKSR-81;optico_sobrellenado;;NO DECLARA;SIN VENCIMIENTO;Fri Sep 24;si;"PILLADO | EMPRESAS Coquimbo, 16 de marzo de 2026 | CERTIFICADO DE FUNCIONAMIENTO DEL"
HKSR-81;padron;;ILEGIBLE;;Thu Dec 31;;"El PDF no tiene texto: es un escaneo. Hay que abrirlo y leerlo a ojo."
HKSR-81;permiso_circulacion;SI;DECLARA;2026-09-30;Wed Sep 30;NO;"LA HIGUERA 2025 MUNICIPALIDAD DE LA AÑO VALIDO HASTA PLACA UNICA → 30/09/2026 HK-SR81-4"
HKSR-81;revision_tecnica;SI;ILEGIBLE;;Thu Jun 04;;"El PDF no tiene texto: es un escaneo. Hay que abrirlo y leerlo a ojo."
HKSR-81;seguro_rc;;NO DECLARA;SIN VENCIMIENTO;Sun Aug 27;si;"PÓLIZA | Ramo : VEHICULOS COMERCIALES Esta entidad aseguradora, en consideración a la | Propuesta presentada por el asegurado, y a las : 8783721-1 Póliza N°"
HKSR-81;soap;SI;NO DECLARA;SIN VENCIMIENTO;Wed Sep 30;si;"IMPORTANTE INFORMACION SOBRE ESTE SEGURO COBERTURA : El SOAP cubre la muerte, En el caso de incapacidad permanente parcial, los pagos por gastos médicos sumados"
HKSR-81;tacografo;;NO DECLARA;SIN VENCIMIENTO;Thu Dec 31;si;"PILLAD0 | EMPRESAS Coquimbo, 17 de marzo de 2026 | CERTIFICADO DE FUNCIONAMIENTO DEL"
HKSR-81;tc8_sec;SI;ILEGIBLE;;Mon Nov 04;;"El PDF no tiene texto: es un escaneo. Hay que abrirlo y leerlo a ojo."
HKSR-81;torque_ruedas;;NO DECLARA;SIN VENCIMIENTO;Fri Sep 24;si;"PILLAD0 | Coquimbo, 18 de marzode 2026 | EMPRESAS"
JDKH-31;factura_compra;;ILEGIBLE;;Thu Dec 31;;"El PDF no tiene texto: es un escaneo. Hay que abrirlo y leerlo a ojo."
JDKH-31;inscripcion_rnvm;;ILEGIBLE;;Thu Dec 31;;"El PDF no tiene texto: es un escaneo. Hay que abrirlo y leerlo a ojo."
JDKH-31;mantencion;;ILEGIBLE;;Sat Aug 17;;"El PDF no tiene texto: es un escaneo. Hay que abrirlo y leerlo a ojo."
JDKH-31;operatividad;;ILEGIBLE;;Thu Dec 26;;"El PDF no tiene texto: es un escaneo. Hay que abrirlo y leerlo a ojo."
JDKH-31;permiso_circulacion;SI;DECLARA;2027-03-31;Wed Mar 31;NO;"LA HIGUERA 2026 MUNICIPALIDAD DE LA AÑO VALIDO HASTA PLACA UNICA → 31/03/2027 JD-KH31-1"
JDKH-31;revision_tecnica;SI;ILEGIBLE;;Thu Dec 31;;"El PDF no tiene texto: es un escaneo. Hay que abrirlo y leerlo a ojo."
JDKH-31;seguro_rc;;NO DECLARA;SIN VENCIMIENTO;Sun Aug 27;si;"PÓLIZA | Ramo : VEHICULOS COMERCIALES Esta entidad aseguradora, en consideración a la | Propuesta presentada por el asegurado, y a las : 8783718-1 Póliza N°"
JDKH-31;soap;SI;NO DECLARA;SIN VENCIMIENTO;Wed Mar 31;si;"IMPORTANTE: INFORMACION SOBRE ESTE SEGURO En el caso de incapacidad permanente parcial, los pagos por gastos médicos sumados a la indemnización que"
JGBY-10;aire_acondicionado;;ILEGIBLE;;Wed Aug 12;;"El PDF no tiene texto: es un escaneo. Hay que abrirlo y leerlo a ojo."
JGBY-10;analisis_gases;;ILEGIBLE;;Thu Dec 03;;"El PDF no tiene texto: es un escaneo. Hay que abrirlo y leerlo a ojo."
JGBY-10;ausencia_falla_ecm;;ILEGIBLE;;Wed Aug 12;;"El PDF no tiene texto: es un escaneo. Hay que abrirlo y leerlo a ojo."
JGBY-10;calibracion;;ILEGIBLE;;Wed Aug 12;;"El PDF no tiene texto: es un escaneo. Hay que abrirlo y leerlo a ojo."
JGBY-10;cert_cabina;;ILEGIBLE;;Thu Dec 31;;"El PDF no tiene texto: es un escaneo. Hay que abrirlo y leerlo a ojo."
JGBY-10;ficha_tecnica;;NO DECLARA;SIN VENCIMIENTO;Thu Dec 31;si;"FICHA TÉCNICA DE EQUIPO | Patente: JGBY-10 | Categoría: Camión de Combustible"
JGBY-10;flujo_descarga;;ILEGIBLE;;Wed Aug 12;;"El PDF no tiene texto: es un escaneo. Hay que abrirlo y leerlo a ojo."
JGBY-10;gps;;ILEGIBLE;;Thu Dec 31;;"El PDF no tiene texto: es un escaneo. Hay que abrirlo y leerlo a ojo."
JGBY-10;grilletes_eslingas;;ILEGIBLE;;Thu Dec 31;;"El PDF no tiene texto: es un escaneo. Hay que abrirlo y leerlo a ojo."
JGBY-10;hermeticidad;SI;ILEGIBLE;;Sat Jun 05;;"El PDF no tiene texto: es un escaneo. Hay que abrirlo y leerlo a ojo."
JGBY-10;inscripcion_sec;;ILEGIBLE;;Thu Dec 31;;"El PDF no tiene texto: es un escaneo. Hay que abrirlo y leerlo a ojo."
JGBY-10;inventario_neumaticos;;ILEGIBLE;;Thu Mar 06;;"El PDF no tiene texto: es un escaneo. Hay que abrirlo y leerlo a ojo."
JGBY-10;laminas_seguridad;;ILEGIBLE;;Thu Dec 31;;"El PDF no tiene texto: es un escaneo. Hay que abrirlo y leerlo a ojo."
JGBY-10;mantencion;;ILEGIBLE;;Fri Jan 15;;"El PDF no tiene texto: es un escaneo. Hay que abrirlo y leerlo a ojo."
JGBY-10;operatividad;;ILEGIBLE;;Thu Aug 13;;"El PDF no tiene texto: es un escaneo. Hay que abrirlo y leerlo a ojo."
JGBY-10;optico_sobrellenado;;ILEGIBLE;;Wed Aug 12;;"El PDF no tiene texto: es un escaneo. Hay que abrirlo y leerlo a ojo."
JGBY-10;padron;;ILEGIBLE;;Thu Dec 31;;"El PDF no tiene texto: es un escaneo. Hay que abrirlo y leerlo a ojo."
JGBY-10;permiso_circulacion;SI;DECLARA;2026-09-30;Wed Sep 30;NO;"LA HIGUERA 2025 MUNICIPALIDAD DE LA AÑO VALIDO HASTA PLACA UNICA → 30/09/2026 JG-BY10-2"
JGBY-10;revision_tecnica;SI;ILEGIBLE;;Thu Dec 03;;"El PDF no tiene texto: es un escaneo. Hay que abrirlo y leerlo a ojo."
JGBY-10;seguro_rc;;NO DECLARA;SIN VENCIMIENTO;Sun Aug 27;si;"PÓLIZA | Ramo : VEHICULOS COMERCIALES Esta entidad aseguradora, en consideración a la | Propuesta presentada por el asegurado, y a las : 8783721-1 Póliza N°"
JGBY-10;soap;SI;NO DECLARA;SIN VENCIMIENTO;Wed Sep 30;si;"IMPORTANTE INFORMACION SOBRE ESTE SEGURO COBERTURA : El SOAP cubre la muerte, En el caso de incapacidad permanente parcial, los pagos por gastos médicos sumados"
JGBY-10;tacografo;;ILEGIBLE;;Thu Dec 31;;"El PDF no tiene texto: es un escaneo. Hay que abrirlo y leerlo a ojo."
JGBY-10;tc8_sec;SI;ILEGIBLE;;Fri Dec 31;;"El PDF no tiene texto: es un escaneo. Hay que abrirlo y leerlo a ojo."
JGBY-10;torque_ruedas;;ILEGIBLE;;Wed Aug 12;;"El PDF no tiene texto: es un escaneo. Hay que abrirlo y leerlo a ojo."
JTYK-88;aire_acondicionado;;ILEGIBLE;;Wed Jul 29;;"El PDF no tiene texto: es un escaneo. Hay que abrirlo y leerlo a ojo."
JTYK-88;analisis_gases;;ILEGIBLE;;Fri Jan 08;;"No se pudo abrir: Invalid PDF structure."
JTYK-88;ausencia_falla_ecm;;ILEGIBLE;;Thu Dec 31;;"El PDF no tiene texto: es un escaneo. Hay que abrirlo y leerlo a ojo."
JTYK-88;cert_cabina;;ILEGIBLE;;Thu Dec 31;;"El PDF no tiene texto: es un escaneo. Hay que abrirlo y leerlo a ojo."
JTYK-88;ficha_tecnica;;NO DECLARA;SIN VENCIMIENTO;Thu Dec 31;si;"www.kaufmann.cl | ACTROS 3336K Euro V | VENTAS: AV. GLADYS MARÍN 5830. ESTACIÓN CENTRAL - SANTIAGO. TELÉFONO: 22720 2000 - VENTAS: 22720 2842"
JTYK-88;flujo_descarga;;ILEGIBLE;;Thu Dec 31;;"El PDF no tiene texto: es un escaneo. Hay que abrirlo y leerlo a ojo."
JTYK-88;grilletes_eslingas;;ILEGIBLE;;Thu Dec 31;;"El PDF no tiene texto: es un escaneo. Hay que abrirlo y leerlo a ojo."
JTYK-88;hermeticidad;;ILEGIBLE;;Thu Dec 31;;"El PDF no tiene texto: es un escaneo. Hay que abrirlo y leerlo a ojo."
JTYK-88;inventario_neumaticos;;NO DECLARA;SIN VENCIMIENTO;Thu Dec 31;si;"VITACORA DE NEUMATICOS | EQUIPO KILOMETRAJE 136314 | FECHA 19/03/2026 HOROMETRO 7754"
JTYK-88;laminas_seguridad;;ILEGIBLE;;Thu Dec 31;;"El PDF no tiene texto: es un escaneo. Hay que abrirlo y leerlo a ojo."
JTYK-88;mant_hidraulico;;ILEGIBLE;;Thu Dec 31;;"El PDF no tiene texto: es un escaneo. Hay que abrirlo y leerlo a ojo."
JTYK-88;mantencion;;ILEGIBLE;;Wed Jul 29;;"El PDF no tiene texto: es un escaneo. Hay que abrirlo y leerlo a ojo."
JTYK-88;operatividad;;NO DECLARA;SIN VENCIMIENTO;Sun Sep 19;si;"PILLADO | EMPRESAS Coquimbo, 19 de marzo de 2026 | CERTIFICADODE OPERATIVIDAD DEL EQUIPO"
JTYK-88;padron;;ILEGIBLE;;Thu Dec 31;;"El PDF no tiene texto: es un escaneo. Hay que abrirlo y leerlo a ojo."
JTYK-88;permiso_circulacion;SI;DECLARA;2026-09-30;Wed Sep 30;NO;"LA HIGUERA 2025 MUNICIPALIDAD DE LA AÑO VALIDO HASTA PLACA UNICA → 30/09/2026 JT-YK88-2"
JTYK-88;revision_tecnica;SI;ILEGIBLE;;Fri Jan 08;;"No se pudo abrir: Invalid PDF structure."
JTYK-88;sist_riego;;ILEGIBLE;;Tue Jul 06;;"El PDF no tiene texto: es un escaneo. Hay que abrirlo y leerlo a ojo."
JTYK-88;soap;SI;NO DECLARA;SIN VENCIMIENTO;Wed Sep 30;si;"IMPORTANTE INFORMACION SOBRE ESTE SEGURO COBERTURA : El SOAP cubre la muerte, En el caso de incapacidad permanente parcial, los pagos por gastos médicos sumados"
JTYK-88;tacografo;;NO DECLARA;SIN VENCIMIENTO;Thu Dec 31;si;"PILLADO | Coquimbo, 03 de marzo de 2026 EMPRESAS | CERTIFICADODE FUNCIONAMIENTODEL"
JTYK-88;torque_ruedas;;NO DECLARA;SIN VENCIMIENTO;Sat Sep 04;si;"PILLAD0 | EMPRESAS Coquimbo, 04 de marzo de 2026 | CERTIFICADO DE TORQUE"
KCBY-30;aire_acondicionado;;ILEGIBLE;;Fri Nov 13;;"El PDF no tiene texto: es un escaneo. Hay que abrirlo y leerlo a ojo."
KCBY-30;analisis_gases;;NO DECLARA;SIN VENCIMIENTO;Wed Jun 10;si;"REVISIONES GUAYACAN SpA | FECHA | |AV. LA CANTERA 1351 COQUIMBO"
KCBY-30;ausencia_falla_ecm;;ILEGIBLE;;Fri Nov 13;;"El PDF no tiene texto: es un escaneo. Hay que abrirlo y leerlo a ojo."
KCBY-30;cert_cabina;;ILEGIBLE;;Thu Dec 31;;"El PDF no tiene texto: es un escaneo. Hay que abrirlo y leerlo a ojo."
KCBY-30;ficha_tecnica;;NO DECLARA;SIN VENCIMIENTO;Thu Dec 31;si;"www.kaufmann.cl | ACTROS 3336K Euro V | VENTAS: AV. GLADYS MARÍN 5830. ESTACIÓN CENTRAL - SANTIAGO. TELÉFONO: 22720 2000 - VENTAS: 22720 2842"
KCBY-30;gps;;NO DECLARA;SIN VENCIMIENTO;Fri Sep 30;si;"Santiago, 30 de septiembre de 2021 | CERTIFICADO DE INSTALACIÓN MOBILEYE Y SOMNOLENCIA | Mediante el presente, TrackTec S.A. RUT: 76.032.475-2, representante en"
KCBY-30;grilletes_eslingas;;ILEGIBLE;;Thu Dec 31;;"El PDF no tiene texto: es un escaneo. Hay que abrirlo y leerlo a ojo."
KCBY-30;inscripcion_rnvm;;ILEGIBLE;;Thu Dec 31;;"El PDF no tiene texto: es un escaneo. Hay que abrirlo y leerlo a ojo."
KCBY-30;inventario_neumaticos;;NO DECLARA;SIN VENCIMIENTO;Thu Dec 31;si;"VITACORA DE NEUMATICOS | EQUIPO KILOMETRAJE 51331 | FECHA 20/03/2026 HOROMETRO 3046"
KCBY-30;laminas_seguridad;;ILEGIBLE;;Thu Dec 31;;"El PDF no tiene texto: es un escaneo. Hay que abrirlo y leerlo a ojo."
KCBY-30;mant_hidraulico;;ILEGIBLE;;Thu Dec 31;;"El PDF no tiene texto: es un escaneo. Hay que abrirlo y leerlo a ojo."
KCBY-30;mantencion;;ILEGIBLE;;Sat Nov 14;;"El PDF no tiene texto: es un escaneo. Hay que abrirlo y leerlo a ojo."
KCBY-30;operatividad;;ILEGIBLE;;Sat Nov 14;;"El PDF no tiene texto: es un escaneo. Hay que abrirlo y leerlo a ojo."
KCBY-30;padron;;ILEGIBLE;;Thu Dec 31;;"El PDF no tiene texto: es un escaneo. Hay que abrirlo y leerlo a ojo."
KCBY-30;permiso_circulacion;SI;DECLARA;2026-09-30;Wed Sep 30;NO;"LA HIGUERA 2025 MUNICIPALIDAD DE LA AÑO VALIDO HASTA PLACA UNICA → 30/09/2026 KC-BY30-7"
KCBY-30;revision_tecnica;SI;NO DECLARA;SIN VENCIMIENTO;Wed Jun 10;si;"REVISIONES GUAYACAN SpA FECHA | AV. LACANTERA 1351 COQUIMBO 23 DICIEMBRE 2025 | PLACA PATENTE PLANTA AB0412"
KCBY-30;seguro_rc;;NO DECLARA;SIN VENCIMIENTO;Sun Aug 27;si;"PÓLIZA | Ramo : VEHICULOS COMERCIALES Esta entidad aseguradora, en consideración a la | Propuesta presentada por el asegurado, y a las : 8783721-1 Póliza N°"
KCBY-30;sist_riego;;ILEGIBLE;;Fri Nov 13;;"El PDF no tiene texto: es un escaneo. Hay que abrirlo y leerlo a ojo."
KCBY-30;soap;SI;NO DECLARA;SIN VENCIMIENTO;Wed Sep 30;si;"IMPORTANTE INFORMACION SOBRE ESTE SEGURO COBERTURA : El SOAP cubre la muerte, En el caso de incapacidad permanente parcial, los pagos por gastos médicos sumados"
KCBY-30;tacografo;;ILEGIBLE;;Thu Dec 31;;"El PDF no tiene texto: es un escaneo. Hay que abrirlo y leerlo a ojo."
KCBY-30;torque_ruedas;;NO DECLARA;SIN VENCIMIENTO;Mon Sep 20;si;"PILLAD0 | EMPRESAS Coquimbo, 16 de marzo de 2026 | CERTIFICADO DE TORQUE"
KCBY-31;aire_acondicionado;;ILEGIBLE;;Thu Dec 31;;"El PDF no tiene texto: es un escaneo. Hay que abrirlo y leerlo a ojo."
KCBY-31;analisis_gases;;ILEGIBLE;;Fri Jan 09;;"El PDF no tiene texto: es un escaneo. Hay que abrirlo y leerlo a ojo."
KCBY-31;ausencia_falla_ecm;;ILEGIBLE;;Tue Aug 17;;"El PDF no tiene texto: es un escaneo. Hay que abrirlo y leerlo a ojo."
KCBY-31;cert_cabina;;NO DECLARA;SIN VENCIMIENTO;Thu Dec 31;si;"Santiago, 08 de Julio de 2022 | Sres. PILLADO Y COMPANIA LIMITADA | Presente"
KCBY-31;ficha_tecnica;;NO DECLARA;SIN VENCIMIENTO;Thu Dec 31;si;"www.kaufmann.cl | ACTROS 3336K Euro V | VENTAS: AV. GLADYS MARÍN 5830. ESTACIÓN CENTRAL - SANTIAGO. TELÉFONO: 22720 2000 - VENTAS: 22720 2842"
KCBY-31;inscripcion_rnvm;;ILEGIBLE;;Thu Dec 31;;"El PDF no tiene texto: es un escaneo. Hay que abrirlo y leerlo a ojo."
KCBY-31;inventario_neumaticos;;NO DECLARA;SIN VENCIMIENTO;Fri Sep 24;si;"VITACORA DE NEUMATICOS | EQUIPO KILOMETRAJE 111440 | FECHA 24/03/2026 HOROMETRO 8592"
KCBY-31;laminas_seguridad;;ILEGIBLE;;Thu Dec 31;;"El PDF no tiene texto: es un escaneo. Hay que abrirlo y leerlo a ojo."
KCBY-31;mant_hidraulico;;NO DECLARA;SIN VENCIMIENTO;Thu Dec 31;si;"PILLAD0 | EMPRESAS Coquimbo, 23 de marzo de 2026 | CERTIFICADO DE MANTENCION REALIZADA AL"
KCBY-31;mantencion;;ILEGIBLE;;Tue Aug 17;;"El PDF no tiene texto: es un escaneo. Hay que abrirlo y leerlo a ojo."
KCBY-31;operatividad;;NO DECLARA;SIN VENCIMIENTO;Thu Dec 31;si;"CERTIFICADO DE OPERATIVIDAD | La Serena, 10 de Marzo de 2025 | Kaufmann S.A. Vehículos Motorizados, RUT 92.475.000-6, certifica que el siguiente vehículo fue"
KCBY-31;padron;;ILEGIBLE;;Thu Dec 31;;"El PDF no tiene texto: es un escaneo. Hay que abrirlo y leerlo a ojo."
KCBY-31;permiso_circulacion;SI;DECLARA;2026-09-30;Wed Sep 30;NO;"LA HIGUERA 2025 MUNICIPALIDAD DE LA AÑO VALIDO HASTA PLACA UNICA → 30/09/2026 KC-BY31-5"
KCBY-31;revision_tecnica;SI;ILEGIBLE;;Wed Dec 16;;"El PDF no tiene texto: es un escaneo. Hay que abrirlo y leerlo a ojo."
KCBY-31;seguro_rc;;NO DECLARA;SIN VENCIMIENTO;Sun Aug 27;si;"PÓLIZA | Ramo : VEHICULOS COMERCIALES Esta entidad aseguradora, en consideración a la | Propuesta presentada por el asegurado, y a las : 8783721-1 Póliza N°"
KCBY-31;sist_riego;;NO DECLARA;SIN VENCIMIENTO;Fri Sep 24;si;"PILLADO | Coquimbo, 23 de marzo de 2026 EMPRESAS | CERTIFICADO DE FUNCIONAMIENTO DEL"
KCBY-31;soap;SI;NO DECLARA;SIN VENCIMIENTO;Wed Sep 30;si;"IMPORTANTE INFORMACION SOBRE ESTE SEGURO COBERTURA : El SOAP cubre la muerte, En el caso de incapacidad permanente parcial, los pagos por gastos médicos sumados"
KCBY-31;tacografo;;ILEGIBLE;;Thu Dec 31;;"El PDF no tiene texto: es un escaneo. Hay que abrirlo y leerlo a ojo."
KCBY-31;torque_ruedas;;ILEGIBLE;;Thu Aug 12;;"El PDF no tiene texto: es un escaneo. Hay que abrirlo y leerlo a ojo."
KVDK-20;inventario_neumaticos;;NO DECLARA;SIN VENCIMIENTO;Thu Dec 31;si;"VITACORA DE NEUMATICOS | EQUIPO Camioneta KILOMETRAJE 166033 | FECHA 03/03/2026 |HOROMETRO"
KVDK-20;permiso_circulacion;SI;DECLARA;2027-03-31;Wed Mar 31;NO;"LA HIGUERA 2026 MUNICIPALIDAD DE LA AÑO VALIDO HASTA PLACA UNICA → 31/03/2027 KV-DK20-4"
KVDK-20;revision_tecnica;SI;ILEGIBLE;;Thu Dec 31;;"El PDF no tiene texto: es un escaneo. Hay que abrirlo y leerlo a ojo."
KVDK-20;seguro_rc;;NO DECLARA;SIN VENCIMIENTO;Sun Aug 27;si;"PÓLIZA | Ramo : VEHICULOS COMERCIALES Esta entidad aseguradora, en consideración a la | Propuesta presentada por el asegurado, y a las : 8783718-1 Póliza N°"
KVDK-20;soap;SI;NO DECLARA;SIN VENCIMIENTO;Wed Mar 31;si;"IMPORTANTE: INFORMACION SOBRE ESTE SEGURO En el caso de incapacidad permanente parcial, los pagos por gastos médicos sumados a la indemnización que"
KVDK-21;inscripcion_rnvm;;ILEGIBLE;;Thu Dec 31;;"El PDF no tiene texto: es un escaneo. Hay que abrirlo y leerlo a ojo."
KVDK-21;mantencion;;NO DECLARA;SIN VENCIMIENTO;Thu Dec 31;si;"CONDICIONES DE MANEJO NORMAL | NEW NAVARA D23 - NP300 D23 - NAVARA D40 - URVAN E26 - NV350 E26 | Ver. 08-2021"
KVDK-21;padron;;ILEGIBLE;;Thu Dec 31;;"El PDF no tiene texto: es un escaneo. Hay que abrirlo y leerlo a ojo."
KVDK-21;permiso_circulacion;SI;DECLARA;2027-03-31;Wed Mar 31;NO;"LA HIGUERA 2026 MUNICIPALIDAD DE LA AÑO VALIDO HASTA PLACA UNICA → 31/03/2027 KV-DK21-2"
KVDK-21;revision_tecnica;SI;NO DECLARA;SIN VENCIMIENTO;Fri Apr 30;si;"NOMBRE DEL PROPIETARIO RUT CERTIFICADO DE REVISIÓN TÉCNICA | BANC0 SANTANDER CHILE |97036000-K | FECHA REVISIÓN: 28 ABRIL 2026 N°B0412000000353834"
KVDK-21;seguro_rc;;NO DECLARA;SIN VENCIMIENTO;Sun Aug 27;si;"PÓLIZA | Ramo : VEHICULOS COMERCIALES Esta entidad aseguradora, en consideración a la | Propuesta presentada por el asegurado, y a las : 8783718-1 Póliza N°"
KVDK-21;soap;SI;NO DECLARA;SIN VENCIMIENTO;Wed Mar 31;si;"IMPORTANTE: INFORMACION SOBRE ESTE SEGURO En el caso de incapacidad permanente parcial, los pagos por gastos médicos sumados a la indemnización que"
KVWD-27;aire_acondicionado;;ILEGIBLE;;Tue Nov 17;;"El PDF no tiene texto: es un escaneo. Hay que abrirlo y leerlo a ojo."
KVWD-27;analisis_gases;;NO DECLARA;SIN VENCIMIENTO;Thu Nov 20;si;"REVISIONES GUAYACAN SpA FECHA | AV. LA CANTERA 1351 COQUIMBO 14 NOVIEMBRE 2025 | PLACA PATENTE"
KVWD-27;ausencia_falla_ecm;;ILEGIBLE;;Tue Nov 17;;"El PDF no tiene texto: es un escaneo. Hay que abrirlo y leerlo a ojo."
KVWD-27;calibracion;;ILEGIBLE;;Wed Nov 04;;"El PDF no tiene texto: es un escaneo. Hay que abrirlo y leerlo a ojo."
KVWD-27;cert_cabina;;ILEGIBLE;;Thu Dec 31;;"El PDF no tiene texto: es un escaneo. Hay que abrirlo y leerlo a ojo."
KVWD-27;ficha_tecnica;;NO DECLARA;SIN VENCIMIENTO;Thu Dec 31;si;"Chasis Cabina Accelo | ACCELO 1016/44 4X2 (EURO V) | ACCELO 1016 44 4X2 (EURO V).jpg"
KVWD-27;flujo_descarga;;ILEGIBLE;;Wed Nov 04;;"El PDF no tiene texto: es un escaneo. Hay que abrirlo y leerlo a ojo."
KVWD-27;hermeticidad;SI;DECLARA;2026-07-13;Mon Jul 13;NO;"Fecha de vencimiento lunes, 13 de julio de 2026"
KVWD-27;inscripcion_sec;;ILEGIBLE;;Thu Dec 31;;"El PDF no tiene texto: es un escaneo. Hay que abrirlo y leerlo a ojo."
KVWD-27;inventario_neumaticos;;NO DECLARA;SIN VENCIMIENTO;Wed Mar 31;si;"VITACORA DE NEUMATICOS | EQUIPO KILOMETRAJE 57960 | FECHA HOROMETRO 09/03/2026 5710"
KVWD-27;laminas_seguridad;;ILEGIBLE;;Thu Dec 31;;"El PDF no tiene texto: es un escaneo. Hay que abrirlo y leerlo a ojo."
KVWD-27;mantencion;;NO DECLARA;SIN VENCIMIENTO;Sat Jan 21;si;"Coquimbo, 22 de abril de 2026 | CERTIFICADO DE MANTENIMIENTO. | Por medio del presente documento se certifica que el equipo que a continuación se"
KVWD-27;operatividad;;ILEGIBLE;;Tue Nov 17;;"El PDF no tiene texto: es un escaneo. Hay que abrirlo y leerlo a ojo."
KVWD-27;optico_sobrellenado;;NO DECLARA;SIN VENCIMIENTO;Thu Dec 31;si;"Coquimbo, 22 de abril de 2026 | CERTIFICADO DE FUNCIONAMIENTO DEL | SISTEMA OPTICO DE LLENADO"
KVWD-27;permiso_circulacion;SI;DECLARA;2026-09-30;Wed Sep 30;NO;"LA HIGUERA 2025 MUNICIPALIDAD DE LA AÑO VALIDO HASTA PLACA UNICA → 30/09/2026 KV-WD27-6"
KVWD-27;revision_tecnica;SI;NO DECLARA;SIN VENCIMIENTO;Thu May 14;si;"REVISIONES GUAYACAN SpA | FECHA | AV. LA CANTERA 1351 COQUIMBO"
KVWD-27;seguro_rc;;NO DECLARA;SIN VENCIMIENTO;Sun Aug 27;si;"PÓLIZA | Ramo : VEHICULOS COMERCIALES Esta entidad aseguradora, en consideración a la | Propuesta presentada por el asegurado, y a las : 8783721-1 Póliza N°"
KVWD-27;soap;SI;NO DECLARA;SIN VENCIMIENTO;Wed Sep 30;si;"IMPORTANTE INFORMACION SOBRE ESTE SEGURO COBERTURA : El SOAP cubre la muerte, En el caso de incapacidad permanente parcial, los pagos por gastos médicos sumados"
KVWD-27;tacografo;;NO DECLARA;SIN VENCIMIENTO;Thu Dec 31;si;"Coquimbo, 17 de abril de 2026 | CERTIFICADO DE FUNCIONAMIENTO DEL | TACOGRAFO"
KVWD-27;tc8_sec;SI;ILEGIBLE;;Sun Dec 31;;"El PDF no tiene texto: es un escaneo. Hay que abrirlo y leerlo a ojo."
KVWD-27;torque_ruedas;;ILEGIBLE;;Tue Nov 17;;"El PDF no tiene texto: es un escaneo. Hay que abrirlo y leerlo a ojo."
KVWW-68;analisis_gases;;ILEGIBLE;;Thu Feb 11;;"El PDF no tiene texto: es un escaneo. Hay que abrirlo y leerlo a ojo."
KVWW-68;cert_cabina;;ILEGIBLE;;Fri Jan 15;;"El PDF no tiene texto: es un escaneo. Hay que abrirlo y leerlo a ojo."
KVWW-68;ficha_tecnica;;NO DECLARA;SIN VENCIMIENTO;Thu Dec 31;si;"www.kaufmann.cl | ACTROS 3336K Euro V | VENTAS: AV. GLADYS MARÍN 5830. ESTACIÓN CENTRAL - SANTIAGO. TELÉFONO: 22720 2000 - VENTAS: 22720 2842"
KVWW-68;grilletes_eslingas;;ILEGIBLE;;Thu Dec 31;;"El PDF no tiene texto: es un escaneo. Hay que abrirlo y leerlo a ojo."
KVWW-68;inscripcion_rnvm;;ILEGIBLE;;Thu Dec 31;;"El PDF no tiene texto: es un escaneo. Hay que abrirlo y leerlo a ojo."
KVWW-68;laminas_seguridad;;ILEGIBLE;;Thu Dec 31;;"El PDF no tiene texto: es un escaneo. Hay que abrirlo y leerlo a ojo."
KVWW-68;mantencion;;ILEGIBLE;;Wed Sep 30;;"El PDF no tiene texto: es un escaneo. Hay que abrirlo y leerlo a ojo."
KVWW-68;operatividad;;ILEGIBLE;;Thu Dec 31;;"El PDF no tiene texto: es un escaneo. Hay que abrirlo y leerlo a ojo."
KVWW-68;permiso_circulacion;SI;ILEGIBLE;;Wed Sep 30;;"El PDF no tiene texto: es un escaneo. Hay que abrirlo y leerlo a ojo."
KVWW-68;revision_tecnica;SI;ILEGIBLE;;Thu Feb 11;;"El PDF no tiene texto: es un escaneo. Hay que abrirlo y leerlo a ojo."
KVWW-68;seguro_rc;;NO DECLARA;SIN VENCIMIENTO;Sun Aug 27;si;"PÓLIZA | Ramo : VEHICULOS COMERCIALES Esta entidad aseguradora, en consideración a la | Propuesta presentada por el asegurado, y a las : 8783721-1 Póliza N°"
KVWW-68;soap;SI;NO DECLARA;SIN VENCIMIENTO;Wed Sep 30;si;"Sumados a la gastos médicos pagos por permanente parcial, los de incapacidad"
KVWW-69;aire_acondicionado;;NO DECLARA;SIN VENCIMIENTO;Sun Sep 12;si;"PILLAD0 | EMPRESAS Coquimbo. 10 de marzo de 2026 | CERTIFICADO DE MANTENCION DE AIRE"
KVWW-69;analisis_gases;;ILEGIBLE;;Fri Feb 12;;"El PDF no tiene texto: es un escaneo. Hay que abrirlo y leerlo a ojo."
KVWW-69;ausencia_falla_ecm;;NO DECLARA;SIN VENCIMIENTO;Thu Dec 31;si;"PILLADO | EMPRESAS Coquimbo. 10 de marzo de 2026 | CERTIFICADO DE AUSENCIA DE CODIGOS DE"
KVWW-69;cert_cabina;;ILEGIBLE;;Thu Dec 31;;"El PDF no tiene texto: es un escaneo. Hay que abrirlo y leerlo a ojo."
KVWW-69;ficha_tecnica;;NO DECLARA;SIN VENCIMIENTO;Thu Dec 31;si;"www.kaufmann.cl | ACTROS 3336K Euro V | VENTAS: AV. GLADYS MARÍN 5830. ESTACIÓN CENTRAL - SANTIAGO. TELÉFONO: 22720 2000 - VENTAS: 22720 2842"
KVWW-69;grilletes_eslingas;;NO DECLARA;SIN VENCIMIENTO;Thu Dec 31;si;"INFORME DE CALIDAD | KÜPFER | MANEJO DE CARGA"
KVWW-69;inscripcion_rnvm;;ILEGIBLE;;Thu Dec 31;;"El PDF no tiene texto: es un escaneo. Hay que abrirlo y leerlo a ojo."
KVWW-69;inventario_neumaticos;;NO DECLARA;SIN VENCIMIENTO;Wed Mar 31;si;"1 | VITACORA DE NEUMATICOS | EQUIPO"
KVWW-69;laminas_seguridad;;ILEGIBLE;;Thu Dec 31;;"El PDF no tiene texto: es un escaneo. Hay que abrirlo y leerlo a ojo."
KVWW-69;mant_hidraulico;;NO DECLARA;SIN VENCIMIENTO;Thu Dec 31;si;"PILLADO | Coquimbo, 10de marzo de 2026 EMPRESAS | CERTIFỊCADO DE MANTENCION REALIZADA AL"
KVWW-69;mantencion;;NO DECLARA;SIN VENCIMIENTO;Wed Sep 30;si;"PILLADO | Coquimbo, 10de octubre de 2025 EMPRESAS | CERTIFICADO DE MANTENIMIENTO."
KVWW-69;operatividad;;NO DECLARA;SIN VENCIMIENTO;Sun Sep 12;si;"PILLAD0 | EMPRESAS Coquimbo. 10 de marzo de 2026 | CERTIFICADO DE OPERATIVIDAD DEL EQUIPO"
KVWW-69;permiso_circulacion;SI;DECLARA;2026-09-30;Wed Sep 30;NO;"LA HIGUERA 2025 MUNICIPALIDAD DE LA AÑO VALIDO HASTA PLACA UNICA → 30/09/2026 KV-WW69-0"
KVWW-69;revision_tecnica;SI;ILEGIBLE;;Fri Feb 12;;"El PDF no tiene texto: es un escaneo. Hay que abrirlo y leerlo a ojo."
KVWW-69;seguro_rc;;NO DECLARA;SIN VENCIMIENTO;Sun Aug 27;si;"PÓLIZA | Ramo : VEHICULOS COMERCIALES Esta entidad aseguradora, en consideración a la | Propuesta presentada por el asegurado, y a las : 8783721-1 Póliza N°"
KVWW-69;sist_riego;;NO DECLARA;SIN VENCIMIENTO;Thu Sep 09;si;"ILLADO | OPỊ | EMPRESAS Coquimbo. 09 de marzo de 2026"
KVWW-69;soap;SI;NO DECLARA;SIN VENCIMIENTO;Wed Sep 30;si;"IMPORTANTE INFORMACION SOBRE ESTE SEGURO COBERTURA : El SOAP cubre la muerte, En el caso de incapacidad permanente parcial, los pagos por gastos médicos sumados"
KVWW-69;tacografo;;NO DECLARA;SIN VENCIMIENTO;Thu Dec 31;si;"PILLADO | Coquimbo. 09 de marzo de 2026 EMPRESAS | CERTIFICADO DE FUNCIONAMIENTO DEL"
KVWW-69;torque_ruedas;;NO DECLARA;SIN VENCIMIENTO;Thu Sep 09;si;"PILLADO | EMPRESSAS Coquimbo. 09 de marzo de 2026 | CERTIFICADO DE TORQUE"
LCSX-78;aire_acondicionado;;ILEGIBLE;;Thu Oct 01;;"El PDF no tiene texto: es un escaneo. Hay que abrirlo y leerlo a ojo."
LCSX-78;analisis_gases;;ILEGIBLE;;Fri Feb 26;;"El PDF no tiene texto: es un escaneo. Hay que abrirlo y leerlo a ojo."
LCSX-78;ausencia_falla_ecm;;ILEGIBLE;;Thu Oct 01;;"El PDF no tiene texto: es un escaneo. Hay que abrirlo y leerlo a ojo."
LCSX-78;calibracion;;ILEGIBLE;;Wed Sep 09;;"El PDF no tiene texto: es un escaneo. Hay que abrirlo y leerlo a ojo."
LCSX-78;cert_cabina;;NO DECLARA;SIN VENCIMIENTO;Thu Dec 31;si;"CERTIFICADO | Estimado Cliente | Salinas y Fabres S.A., representante de Mack Trucks, Inc., certifica que el camión descrito en el sucesivo, tiene"
LCSX-78;ficha_tecnica;;NO DECLARA;SIN VENCIMIENTO;Thu Dec 31;si;"MACK GRANITE GU 813 EURO 5 | GU 813 P.J.L. ABS Allison | 3,099 7,493 2,997"
LCSX-78;flujo_descarga;;ILEGIBLE;;Wed Sep 09;;"El PDF no tiene texto: es un escaneo. Hay que abrirlo y leerlo a ojo."
LCSX-78;hermeticidad;SI;ILEGIBLE;;Thu Apr 01;;"El PDF no tiene texto: es un escaneo. Hay que abrirlo y leerlo a ojo."
LCSX-78;inscripcion_rnvm;;ILEGIBLE;;Thu Dec 31;;"El PDF no tiene texto: es un escaneo. Hay que abrirlo y leerlo a ojo."
LCSX-78;inscripcion_sec;;NO DECLARA;SIN VENCIMIENTO;Thu Dec 31;si;"PAGINA 1 de 2 | Comprobante de Declaración de Camión Tanque de Transporte de | Combustibles Líquidos."
LCSX-78;inventario_neumaticos;;NO DECLARA;SIN VENCIMIENTO;Fri Apr 16;si;"VITACORA DE NEUMATICOS | EQUIPO Camión de Combustible 15.000 L KILOMETRAJE 85967 | FECHA 16/04/2026 HOROMETRO 9044"
LCSX-78;laminas_seguridad;;ILEGIBLE;;Thu Dec 31;;"El PDF no tiene texto: es un escaneo. Hay que abrirlo y leerlo a ojo."
LCSX-78;mantencion;;ILEGIBLE;;Wed Jul 29;;"El PDF no tiene texto: es un escaneo. Hay que abrirlo y leerlo a ojo."
LCSX-78;operatividad;;ILEGIBLE;;Tue Nov 10;;"El PDF no tiene texto: es un escaneo. Hay que abrirlo y leerlo a ojo."
LCSX-78;optico_sobrellenado;;ILEGIBLE;;Thu Oct 01;;"El PDF no tiene texto: es un escaneo. Hay que abrirlo y leerlo a ojo."
LCSX-78;permiso_circulacion;SI;DECLARA;2026-09-30;Wed Sep 30;NO;"LA HIGUERA 2025 MUNICIPALIDAD DE LA AÑO VALIDO HASTA PLACA UNICA → 30/09/2026 LC-SX78-K"
LCSX-78;revision_tecnica;SI;ILEGIBLE;;Fri Feb 26;;"El PDF no tiene texto: es un escaneo. Hay que abrirlo y leerlo a ojo."
LCSX-78;seguro_rc;;NO DECLARA;SIN VENCIMIENTO;Sun Aug 27;si;"PÓLIZA | Ramo : VEHICULOS COMERCIALES Esta entidad aseguradora, en consideración a la | Propuesta presentada por el asegurado, y a las : 8783721-1 Póliza N°"
LCSX-78;soap;SI;NO DECLARA;SIN VENCIMIENTO;Wed Sep 30;si;"IMPORTANTE INFORMACION SOBRE ESTE SEGURO COBERTURA : El SOAP cubre la muerte, En el caso de incapacidad permanente parcial, los pagos por gastos médicos sumados"
LCSX-78;tacografo;;ILEGIBLE;;Thu Dec 31;;"El PDF no tiene texto: es un escaneo. Hay que abrirlo y leerlo a ojo."
LCSX-78;tc8_sec;SI;ILEGIBLE;;Wed Apr 03;;"El PDF no tiene texto: es un escaneo. Hay que abrirlo y leerlo a ojo."
LCSX-78;torque_ruedas;;ILEGIBLE;;Wed Sep 09;;"El PDF no tiene texto: es un escaneo. Hay que abrirlo y leerlo a ojo."
LKPY-18;aire_acondicionado;;ILEGIBLE;;Thu Dec 31;;"El PDF no tiene texto: es un escaneo. Hay que abrirlo y leerlo a ojo."
LKPY-18;analisis_gases;;ILEGIBLE;;Tue Aug 18;;"El PDF no tiene texto: es un escaneo. Hay que abrirlo y leerlo a ojo."
LKPY-18;ausencia_falla_ecm;;ILEGIBLE;;Thu Dec 31;;"El PDF no tiene texto: es un escaneo. Hay que abrirlo y leerlo a ojo."
LKPY-18;cert_cabina;;NO DECLARA;SIN VENCIMIENTO;Thu Dec 31;si;"Coquimbo, 26 de diciembre de 2025 | Certificado de Prueba de Hermeticidad de Cabina | Mediante el presente documento, Pillado y Cía. Ltda., certifica que realiz"
LKPY-18;factura_compra;;ILEGIBLE;;Thu Dec 31;;"El PDF no tiene texto: es un escaneo. Hay que abrirlo y leerlo a ojo."
LKPY-18;ficha_tecnica;;NO DECLARA;SIN VENCIMIENTO;Thu Dec 31;si;"CAMIÓN GR64BX | 118” +/- 2” | Variation dependent"
LKPY-18;flujo_descarga;;ILEGIBLE;;Thu Dec 31;;"El PDF no tiene texto: es un escaneo. Hay que abrirlo y leerlo a ojo."
LKPY-18;gps;;NO DECLARA;SIN VENCIMIENTO;Thu Dec 31;si;"31 de diciembre del 2025 | CERTIFICADO DE SERVICIO GPS | Mediante el presente, se certifica que el cliente Pillado y Compañía Limitada RUT"
LKPY-18;inscripcion_rnvm;;ILEGIBLE;;Thu Dec 31;;"El PDF no tiene texto: es un escaneo. Hay que abrirlo y leerlo a ojo."
LKPY-18;inventario_neumaticos;;NO DECLARA;SIN VENCIMIENTO;Tue Feb 16;si;"USADO USADO USADO USADO USADO USADO USADO USADO USADO USADO USADO | CONDICION | Burgos 12"
LKPY-18;laminas_seguridad;;ILEGIBLE;;Thu Dec 31;;"El PDF no tiene texto: es un escaneo. Hay que abrirlo y leerlo a ojo."
LKPY-18;mant_hidraulico;;ILEGIBLE;;Thu Dec 31;;"El PDF no tiene texto: es un escaneo. Hay que abrirlo y leerlo a ojo."
LKPY-18;mantencion;;ILEGIBLE;;Thu Dec 31;;"El PDF no tiene texto: es un escaneo. Hay que abrirlo y leerlo a ojo."
LKPY-18;operatividad;;NO DECLARA;SIN VENCIMIENTO;Wed May 12;si;"PILLAD0 | EMPRESAS Coquimbo, 12 de noviembre de 2025 | CERTIFICADO DE OPERATIVIDAD DEL EQUIPO"
LKPY-18;permiso_circulacion;SI;DECLARA;2026-09-30;Wed Sep 30;NO;"LA HIGUERA 2025 MUNICIPALIDAD DE LA AÑO VALIDO HASTA PLACA UNICA → 30/09/2026 LK-PY18-3"
LKPY-18;revision_tecnica;SI;ILEGIBLE;;Tue Aug 18;;"El PDF no tiene texto: es un escaneo. Hay que abrirlo y leerlo a ojo."
LKPY-18;seguro_rc;;ILEGIBLE;;Thu Dec 31;;"El PDF no tiene texto: es un escaneo. Hay que abrirlo y leerlo a ojo."
LKPY-18;sist_riego;;ILEGIBLE;;Thu Dec 31;;"El PDF no tiene texto: es un escaneo. Hay que abrirlo y leerlo a ojo."
LKPY-18;soap;SI;NO DECLARA;SIN VENCIMIENTO;Wed Sep 30;si;"IMPORTANTE INFORMACION SOBRE ESTE SEGURO COBERTURA : El SOAP cubre la muerte, En el caso de incapacidad permanente parcial, los pagos por gastos médicos sumados"
LKPY-18;tacografo;;ILEGIBLE;;Thu Dec 31;;"El PDF no tiene texto: es un escaneo. Hay que abrirlo y leerlo a ojo."
LKPY-18;torque_ruedas;;NO DECLARA;SIN VENCIMIENTO;Thu Dec 31;si;"Coquimbo, 29 de abril de 2026 | CERTIFICADO DE TORQUE | Pillado y Compañía Limitada, Rut 77.316.540-8, certifica que el siguiente vehículo"
LLBP-96;barra_antivuelco;;ILEGIBLE;;Thu Dec 31;;"El PDF no tiene texto: es un escaneo. Hay que abrirlo y leerlo a ojo."
LLBP-96;ficha_tecnica;;NO DECLARA;SIN VENCIMIENTO;Thu Dec 31;si;"ESCANEA PARA MÁS INFO | ESPECIFICACIONES TÉCNICAS |       "
LLBP-96;gps;;ILEGIBLE;;Thu Dec 31;;"El PDF no tiene texto: es un escaneo. Hay que abrirlo y leerlo a ojo."
LLBP-96;inscripcion_rnvm;;ILEGIBLE;;Thu Dec 31;;"El PDF no tiene texto: es un escaneo. Hay que abrirlo y leerlo a ojo."
LLBP-96;laminas_seguridad;;ILEGIBLE;;Thu Dec 31;;"El PDF no tiene texto: es un escaneo. Hay que abrirlo y leerlo a ojo."
LLBP-96;mantencion;;ILEGIBLE;;Thu Aug 28;;"El PDF no tiene texto: es un escaneo. Hay que abrirlo y leerlo a ojo."
LLBP-96;permiso_circulacion;SI;DECLARA;2027-03-31;Wed Mar 31;NO;"LA HIGUERA 2026 MUNICIPALIDAD DE LA AÑO VALIDO HASTA PLACA UNICA → 31/03/2027 LL-BP96-4"
LLBP-96;revision_tecnica;SI;ILEGIBLE;;Wed Sep 30;;"El PDF no tiene texto: es un escaneo. Hay que abrirlo y leerlo a ojo."
LLBP-96;seguro_rc;;NO DECLARA;SIN VENCIMIENTO;Sun Aug 27;si;"PÓLIZA | Ramo : VEHICULOS COMERCIALES Esta entidad aseguradora, en consideración a la | Propuesta presentada por el asegurado, y a las : 8783718-1 Póliza N°"
LLBP-96;soap;SI;NO DECLARA;SIN VENCIMIENTO;Wed Mar 31;si;"IMPORTANTE: INFORMACION SOBRE ESTE SEGURO En el caso de incapacidad permanente parcial, los pagos por gastos médicos sumados a la indemnización que"
RSCY-85;aire_acondicionado;;NO DECLARA;SIN VENCIMIENTO;Thu Dec 31;si;"OPILLADO | EMPRESAS Coquimbo, 30 de enero de 2026 | CERTIFICADODE MANTENCION DE ATRE"
RSCY-85;analisis_gases;;ILEGIBLE;;Sat Jan 30;;"No se pudo abrir: Invalid PDF structure."
RSCY-85;ausencia_falla_ecm;;NO DECLARA;SIN VENCIMIENTO;Thu Dec 31;si;"PILLADO | EMPRESAS Coquimb0, 12 de fetbrero de 2026 | CERTIFICADO DE AUSENCIA DE CODIGOS DE"
RSCY-85;calibracion;;NO DECLARA;SIN VENCIMIENTO;Thu Dec 31;si;"PILLADO | 2026 enero de de Coquimb0, 12 | EMPRESAS"
RSCY-85;cert_cabina;;NO DECLARA;SIN VENCIMIENTO;Thu Dec 31;si;"Santiago, 04 de Marzo de 2022 | Sres. PILLADO Y COMPANIA LIMITADA | Presente"
RSCY-85;factura_compra;;NO DECLARA;SIN VENCIMIENTO;Thu Dec 31;si;"R.U.T.96.572.360-9 CASA MATRIZ: | AV GLADYS MARIN MILLIE N° 5830 | ESTACION CENTRAL / SANTIAGO"
RSCY-85;ficha_tecnica;;NO DECLARA;SIN VENCIMIENTO;Thu Dec 31;si;"Chasis Cabina Accelo | ACCELO 1016/44 4X2 (EURO V) | ACCELO 1016 44 4X2 (EURO V).jpg"
RSCY-85;flujo_descarga;;NO DECLARA;SIN VENCIMIENTO;Thu Dec 31;si;"PILLADO | EMPRESAS Coquimbo, 12 de febrero de 2026 | CERTIFICADO DE LA PRUEBA DEL FLUJO DEL"
RSCY-85;gps;;NO DECLARA;SIN VENCIMIENTO;Fri Mar 19;si;"19 de marzo del 2026 | CERTIFICADO DE SERVICIO GPS | Mediante el presente, se certifica que el cliente Pillado y Compañía Limitada RUT"
RSCY-85;hermeticidad;SI;ILEGIBLE;;Thu Dec 31;;"El PDF no tiene texto: es un escaneo. Hay que abrirlo y leerlo a ojo."
RSCY-85;inscripcion_rnvm;;NO DECLARA;SIN VENCIMIENTO;Thu Dec 31;si;"SERVICIO DE REGISTRO FOLIO : 90181448 | CIVIL E IDENTIFICACIÓN | Código Verificación:"
RSCY-85;inscripcion_sec;;NO DECLARA;SIN VENCIMIENTO;Thu Dec 31;si;"PAGINA 1 de 2 | Comprobante de Declaración de Camión Tanque de Transporte de | Combustibles Líquidos."
RSCY-85;inventario_neumaticos;;NO DECLARA;SIN VENCIMIENTO;Sat Feb 20;si;"VITACORA DE NEUMATICOS | EQUIPO Combustible 5000 litros KILOMETRAJE 125724.2 | FECHA 20/02/2026 HOROMETRO 3866"
RSCY-85;laminas_seguridad;;ILEGIBLE;;Thu Dec 31;;"El PDF no tiene texto: es un escaneo. Hay que abrirlo y leerlo a ojo."
RSCY-85;mantencion;;NO DECLARA;SIN VENCIMIENTO;Fri Dec 31;si;"CERTIFICADO DE HISTORIAL DE MANTENIMIENTO | Pajaritos, 29 de Noviembre de 2024 | Kaufmann S.A. Vehículos Motorizados, RUT 92.475.000-6, certifica que al siguien"
RSCY-85;operatividad;;ILEGIBLE;;Wed Feb 03;;"No se pudo abrir: Invalid PDF structure."
RSCY-85;permiso_circulacion;SI;DECLARA;2026-09-30;Wed Sep 30;NO;"LA HIGUERA 2025 MUNICIPALIDAD DE LA AÑO VALIDO HASTA PLACA UNICA → 30/09/2026 RS-CY85-2"
RSCY-85;revision_tecnica;SI;ILEGIBLE;;Sat Jan 30;;"No se pudo abrir: Invalid PDF structure."
RSCY-85;seguro_rc;;NO DECLARA;SIN VENCIMIENTO;Sun Aug 27;si;"PÓLIZA | Ramo : VEHICULOS COMERCIALES Esta entidad aseguradora, en consideración a la | Propuesta presentada por el asegurado, y a las : 8783721-1 Póliza N°"
RSCY-85;soap;SI;NO DECLARA;SIN VENCIMIENTO;Wed Sep 30;si;"IMPORTANTE INFORMACION SOBRE ESTE SEGURO COBERTURA : El SOAP cubre la muerte, En el caso de incapacidad permanente parcial, los pagos por gastos médicos sumados"
RSCY-85;tacografo;;NO DECLARA;SIN VENCIMIENTO;Thu Dec 31;si;"PILLADO | EMPRESAS Coquimbo, 16 de febrero de 2026 | CERTIFICADO DE FUNCIONAMIENTO DEL"
RSCY-85;tc8_sec;SI;ILEGIBLE;;Thu Dec 31;;"El PDF no tiene texto: es un escaneo. Hay que abrirlo y leerlo a ojo."
RSCY-86;aire_acondicionado;;NO DECLARA;SIN VENCIMIENTO;Thu Apr 22;si;"PILLADO | EMPRESAS Coquimbo, 22 de octubre de 2025 | CERTIFICADO DE MANTENCION DE AIRE"
RSCY-86;analisis_gases;;ILEGIBLE;;Sun Nov 08;;"El PDF no tiene texto: es un escaneo. Hay que abrirlo y leerlo a ojo."
RSCY-86;ausencia_falla_ecm;;NO DECLARA;SIN VENCIMIENTO;Thu Dec 31;si;"OPILLADO | EMPRESAS Coquimbo, 23 de octubre de 2025 | CERTIFICADO DE AUSENCIA DE CODIGOS DE"
RSCY-86;calibracion;;NO DECLARA;SIN VENCIMIENTO;Thu Dec 31;si;"Coquimbo, 11 de mayo de 2026 | CERTIFICADO DE CALIBRACIÓN | Por medio del presente documento se certifica que el meter que a continuación se"
RSCY-86;cert_cabina;;NO DECLARA;SIN VENCIMIENTO;Thu Dec 31;si;"Santiago, 04 de Marzo de 2022 | Sres. PILLADO Y COMPANIA LIMITADA | Presente"
RSCY-86;factura_compra;;NO DECLARA;SIN VENCIMIENTO;Thu Dec 31;si;"R.U.T.96.572.360-9 CASA MATRIZ: KAUFMANN | AV GLADYS MARIN MILLIEN° 5830 | ESTACION CENTRAL/ SANTIAGO"
RSCY-86;ficha_tecnica;;NO DECLARA;SIN VENCIMIENTO;Thu Dec 31;si;"Chasis Cabina Accelo | ACCELO 1016/44 4X2 (EURO V) | ACCELO 1016 44 4X2 (EURO V).jpg"
RSCY-86;flujo_descarga;;NO DECLARA;SIN VENCIMIENTO;Thu Dec 31;si;"Coquimbo, 11 de mayo de 2026 | CERTIFICADO DE LA PRUEBA DEL FLUJO DEL | SISTEMA SURTIDOR"
RSCY-86;gps;;NO DECLARA;SIN VENCIMIENTO;Thu Aug 12;si;"12 de agosto del 2026 | CERTIFICADO DE SERVICIO GPS | Mediante el presente, se certifica que el cliente Pillado y Compañía Limitada RUT"
RSCY-86;hermeticidad;;ILEGIBLE;;Thu Oct 21;;"El PDF no tiene texto: es un escaneo. Hay que abrirlo y leerlo a ojo."
RSCY-86;inscripcion_rnvm;;NO DECLARA;SIN VENCIMIENTO;Thu Dec 31;si;"SERVICIO DE REGISTRO FOLIO : 90181410 | CIVIL E IDENTIFICACIÓN | Código Verificación:"
RSCY-86;inscripcion_sec;;NO DECLARA;SIN VENCIMIENTO;Thu Dec 31;si;"PAGINA 1 de 2 | Comprobante de Declaración de Camión Tanque de Transporte de | Combustibles Líquidos."
RSCY-86;inventario_neumaticos;;ILEGIBLE;;Tue May 11;;"El PDF no tiene texto: es un escaneo. Hay que abrirlo y leerlo a ojo."
RSCY-86;laminas_seguridad;;NO DECLARA;SIN VENCIMIENTO;Thu Dec 31;si;"VENTA E INSTALACIÓN DE CRISTALES | AUTOMOTRICES Y MAQUINARIAS PESADA | CERTIFICADO DE LAMINA DE SEGURIDAD"
RSCY-86;mantencion;;ILEGIBLE;;Sun Oct 11;;"El PDF no tiene texto: es un escaneo. Hay que abrirlo y leerlo a ojo."
RSCY-86;operatividad;;NO DECLARA;SIN VENCIMIENTO;Fri Apr 23;si;"PLLADO | 2025 de de octubre 23 Coquimbo, | EMPRESAS"
RSCY-86;optico_sobrellenado;;NO DECLARA;SIN VENCIMIENTO;Thu Dec 31;si;"Coquimbo, 11 de mayo de 2026 | CERTIFICADO DE FUNCIONAMIENTO DEL | SISTEMA OPTICO DE LLENADO"
RSCY-86;otra;SI;NO DECLARA;SIN VENCIMIENTO;Wed Jan 13;si;"PETRÓLEO DIESEL | HOJA DE DATOS DE SEGURIDAD DE ACUERDO A NCh. 2245:2015 | Homologación para ESMAX DISTRIBUCIÓN LIMITADA"
RSCY-86;permiso_circulacion;SI;DECLARA;2026-09-30;Wed Sep 30;NO;"LA HIGUERA 2025 MUNICIPALIDAD DE LA AÑO VALIDO HASTA PLACA UNICA → 30/09/2026 RS-CY86-0"
RSCY-86;revision_tecnica;SI;ILEGIBLE;;Sun Nov 08;;"El PDF no tiene texto: es un escaneo. Hay que abrirlo y leerlo a ojo."
RSCY-86;seguro_rc;;NO DECLARA;SIN VENCIMIENTO;Sun Aug 27;si;"PÓLIZA | Ramo : VEHICULOS COMERCIALES Esta entidad aseguradora, en consideración a la | Propuesta presentada por el asegurado, y a las : 8783721-1 Póliza N°"
RSCY-86;soap;SI;NO DECLARA;SIN VENCIMIENTO;Wed Sep 30;si;"IMPORTANTE INFORMACION SOBRE ESTE SEGURO COBERTURA : El SOAP cubre la muerte, En el caso de incapacidad permanente parcial, los pagos por gastos médicos sumados"
RSCY-86;tacografo;;NO DECLARA;SIN VENCIMIENTO;Thu Dec 31;si;"PILLAD0 | Coquimbo, 22 de octubre de 2025 EMPRESAS | CERTIFICADO DE FUNCIONAMIENTO DEL"
RSCY-86;tc8_sec;;ILEGIBLE;;Thu Dec 31;;"El PDF no tiene texto: es un escaneo. Hay que abrirlo y leerlo a ojo."
RSCY-86;torque_ruedas;;ILEGIBLE;;Fri Feb 12;;"El PDF no tiene texto: es un escaneo. Hay que abrirlo y leerlo a ojo."
RZPC-83;aire_acondicionado;;ILEGIBLE;;Thu Dec 31;;"El PDF no tiene texto: es un escaneo. Hay que abrirlo y leerlo a ojo."
RZPC-83;barra_antivuelco;;ILEGIBLE;;Fri Mar 20;;"El PDF no tiene texto: es un escaneo. Hay que abrirlo y leerlo a ojo."
RZPC-83;factura_compra;;ILEGIBLE;;Thu Dec 31;;"El PDF no tiene texto: es un escaneo. Hay que abrirlo y leerlo a ojo."
RZPC-83;ficha_tecnica;;NO DECLARA;SIN VENCIMIENTO;Thu Dec 31;si;"T60 | T60 | DOBLE CABINA"
RZPC-83;laminas_seguridad;;NO DECLARA;SIN VENCIMIENTO;Thu Dec 31;si;"VENTA E INSTALACIÓN DE CRISTALES | AUTOMOTRICES Y MAQUINARIAS PESADA | CERTIFICADO DE LAMINA DE SEGURIDAD"
RZPC-83;mantencion;;NO DECLARA;SIN VENCIMIENTO;Wed May 05;si;"PILLADO | EMPRESAS Coquimbo, 05 de noviembre de 2025 | CERTIFICADO DE MANTENIMIENTO."
RZPC-83;operatividad;;ILEGIBLE;;Thu Dec 31;;"El PDF no tiene texto: es un escaneo. Hay que abrirlo y leerlo a ojo."
RZPC-83;permiso_circulacion;SI;DECLARA;2027-03-31;Wed Mar 31;NO;"LA HIGUERA 2026 MUNICIPALIDAD DE LA AÑO VALIDO HASTA PLACA UNICA → 31/03/2027 RZ-PC83-4"
RZPC-83;revision_tecnica;SI;ILEGIBLE;;Thu Dec 31;;"El PDF no tiene texto: es un escaneo. Hay que abrirlo y leerlo a ojo."
RZPC-83;seguro_rc;;NO DECLARA;SIN VENCIMIENTO;Thu Dec 31;si;"ruedas no apernadas, llaves y cualquier otro elemento que no esté adherido permanentemente al vehículo."
RZPC-83;soap;SI;NO DECLARA;SIN VENCIMIENTO;Wed Mar 31;si;"IMPORTANTE: INFORMACION SOBRE ESTE SEGURO En el caso de incapacidad permanente parcial, los pagos por gastos médicos sumados a la indemnización que"
RZPC-83;torque_ruedas;;ILEGIBLE;;Thu Dec 31;;"El PDF no tiene texto: es un escaneo. Hay que abrirlo y leerlo a ojo."
SBPG-12;aire_acondicionado;;ILEGIBLE;;Thu Dec 31;;"El PDF no tiene texto: es un escaneo. Hay que abrirlo y leerlo a ojo."
SBPG-12;ausencia_falla_ecm;;ILEGIBLE;;Thu Dec 31;;"El PDF no tiene texto: es un escaneo. Hay que abrirlo y leerlo a ojo."
SBPG-12;barra_antivuelco;;ILEGIBLE;;Fri Mar 20;;"El PDF no tiene texto: es un escaneo. Hay que abrirlo y leerlo a ojo."
SBPG-12;ficha_tecnica;;NO DECLARA;SIN VENCIMIENTO;Thu Dec 31;si;"ESCANEA PARA MÁS INFO | ESPECIFICACIONES TÉCNICAS |       "
SBPG-12;gps;;NO DECLARA;SIN VENCIMIENTO;Thu Dec 31;si;"02 de enero del 2025 | CERTIFICADO DE SERVICIO GPS | Mediante el presente, se certifica que el cliente Pillado y Compañía Limitada RUT"
SBPG-12;laminas_seguridad;;NO DECLARA;SIN VENCIMIENTO;Thu Dec 31;si;"VENTA E INSTALACIÓN DE CRISTALES | AUTOMOTRICES Y MAQUINARIAS PESADA | CERTIFICADO DE LAMINA DE SEGURIDAD"
SBPG-12;mantencion;;NO DECLARA;SIN VENCIMIENTO;Thu Dec 31;si;"0$18$/'(*$5$17$<6(59,&,2 | 1',&( | Bienvenida 04 1',&("
SBPG-12;operatividad;;ILEGIBLE;;Fri Jul 11;;"El PDF no tiene texto: es un escaneo. Hay que abrirlo y leerlo a ojo."
SBPG-12;permiso_circulacion;SI;DECLARA;2027-03-31;Wed Mar 31;NO;"LA HIGUERA 2026 MUNICIPALIDAD DE LA AÑO VALIDO HASTA PLACA UNICA → 31/03/2027 SB-PG12-1"
SBPG-12;revision_tecnica;SI;ILEGIBLE;;Thu Dec 31;;"El PDF no tiene texto: es un escaneo. Hay que abrirlo y leerlo a ojo."
SBPG-12;seguro_rc;;NO DECLARA;SIN VENCIMIENTO;Thu Dec 31;si;"PERMANENTEMENTE AL VEHÍCULO"
SBPG-12;soap;SI;NO DECLARA;SIN VENCIMIENTO;Wed Mar 31;si;"IMPORTANTE: INFORMACION SOBRE ESTE SEGURO En el caso de incapacidad permanente parcial, los pagos por gastos médicos sumados a la indemnización que"
SBPG-12;torque_ruedas;;ILEGIBLE;;Thu Dec 31;;"El PDF no tiene texto: es un escaneo. Hay que abrirlo y leerlo a ojo."
SLRK-82;factura_compra;;ILEGIBLE;;Thu Dec 31;;"El PDF no tiene texto: es un escaneo. Hay que abrirlo y leerlo a ojo."
SLRK-82;mantencion;;NO DECLARA;SIN VENCIMIENTO;Thu Dec 31;si;"RESUMEN DE INFORMACIÓN LEY 21.398 | OPERACIONES ESTÁNDAR EN CADA MANTENCIÓN | PREVENTIVA PARA TODOS LOS VEHÍCULOS"
SLRK-82;permiso_circulacion;SI;DECLARA;2027-03-31;Wed Mar 31;NO;"LA HIGUERA 2026 MUNICIPALIDAD DE LA AÑO VALIDO HASTA PLACA UNICA → 31/03/2027 SL-RK82-9"
SLRK-82;revision_tecnica;SI;ILEGIBLE;;Fri Dec 31;;"El PDF no tiene texto: es un escaneo. Hay que abrirlo y leerlo a ojo."
SLRK-82;seguro_rc;;ILEGIBLE;;Thu Dec 31;;"El PDF no tiene texto: es un escaneo. Hay que abrirlo y leerlo a ojo."
SLRK-82;soap;SI;NO DECLARA;SIN VENCIMIENTO;Wed Mar 31;si;"IMPORTANTE: INFORMACION SOBRE ESTE SEGURO En el caso de incapacidad permanente parcial, los pagos por gastos médicos sumados a la indemnización que"
SPRY-26;barra_antivuelco;;ILEGIBLE;;Fri Mar 20;;"El PDF no tiene texto: es un escaneo. Hay que abrirlo y leerlo a ojo."
SPRY-26;factura_compra;;ILEGIBLE;;Thu Dec 31;;"El PDF no tiene texto: es un escaneo. Hay que abrirlo y leerlo a ojo."
SPRY-26;ficha_tecnica;;NO DECLARA;SIN VENCIMIENTO;Thu Dec 31;si;"ESCANEA PARA MÁS INFO | ESPECIFICACIONES TÉCNICAS |       "
SPRY-26;gps;;NO DECLARA;SIN VENCIMIENTO;Thu Dec 31;si;"02 de enero del 2025 | CERTIFICADO DE SERVICIO GPS | Mediante el presente, se certifica que el cliente Pillado y Compañía Limitada RUT"
SPRY-26;inscripcion_rnvm;;ILEGIBLE;;Thu Dec 31;;"El PDF no tiene texto: es un escaneo. Hay que abrirlo y leerlo a ojo."
SPRY-26;laminas_seguridad;;NO DECLARA;SIN VENCIMIENTO;Thu Dec 31;si;"VENTA E INSTALACIÓN DE CRISTALES | AUTOMOTRICES Y MAQUINARIAS PESADA | CERTIFICADO DE LAMINA DE SEGURIDAD"
SPRY-26;mantencion;;ILEGIBLE;;Tue May 21;;"El PDF no tiene texto: es un escaneo. Hay que abrirlo y leerlo a ojo."
SPRY-26;operatividad;;ILEGIBLE;;Thu Dec 31;;"El PDF no tiene texto: es un escaneo. Hay que abrirlo y leerlo a ojo."
SPRY-26;padron;;NO DECLARA;SIN VENCIMIENTO;Thu Dec 31;si;"SERVICIO DE REGISTRO | CIVIL E IDENTIFICACIÓN | REPUBLICA DE CHILE"
SPRY-26;permiso_circulacion;SI;DECLARA;2027-03-31;Wed Mar 31;NO;"LA HIGUERA 2026 MUNICIPALIDAD DE LA AÑO VALIDO HASTA PLACA UNICA → 31/03/2027 SP-RY26-7"
SPRY-26;revision_tecnica;SI;NO DECLARA;SIN VENCIMIENTO;Wed Sep 30;si;"NOMBRE DEL PROPIETARIO RUT | CERTIFICADO DE REVISIÓN TÉCNICA BANCO DE CREDITO E INVERSIONES | 97006000-6"
SPRY-26;seguro_rc;;NO DECLARA;SIN VENCIMIENTO;Sun Aug 27;si;"PÓLIZA | Ramo : VEHICULOS COMERCIALES Esta entidad aseguradora, en consideración a la | Propuesta presentada por el asegurado, y a las : 8783718-1 Póliza N°"
SPRY-26;soap;SI;NO DECLARA;SIN VENCIMIENTO;Wed Mar 31;si;"IMPORTANTE: INFORMACION SOBRE ESTE SEGURO En el caso de incapacidad permanente parcial, los pagos por gastos médicos sumados a la indemnización que"
SPRY-28;barra_antivuelco;;ILEGIBLE;;Fri Mar 20;;"El PDF no tiene texto: es un escaneo. Hay que abrirlo y leerlo a ojo."
SPRY-28;factura_compra;;ILEGIBLE;;Thu Dec 31;;"El PDF no tiene texto: es un escaneo. Hay que abrirlo y leerlo a ojo."
SPRY-28;ficha_tecnica;;NO DECLARA;SIN VENCIMIENTO;Thu Dec 31;si;"ESCANEA PARA MÁS INFO | ESPECIFICACIONES TÉCNICAS |       "
SPRY-28;gps;;NO DECLARA;SIN VENCIMIENTO;Thu Dec 31;si;"02 de enero del 2025 | CERTIFICADO DE SERVICIO GPS | Mediante el presente, se certifica que el cliente Pillado y Compañía Limitada RUT"
SPRY-28;inscripcion_rnvm;;ILEGIBLE;;Thu Dec 31;;"El PDF no tiene texto: es un escaneo. Hay que abrirlo y leerlo a ojo."
SPRY-28;laminas_seguridad;;NO DECLARA;SIN VENCIMIENTO;Thu Dec 31;si;"VENTA E INSTALACIÓN DE CRISTALES | AUTOMOTRICES Y MAQUINARIAS PESADA | CERTIFICADO DE LAMINA DE SEGURIDAD"
SPRY-28;mantencion;;ILEGIBLE;;Mon Oct 05;;"El PDF no tiene texto: es un escaneo. Hay que abrirlo y leerlo a ojo."
SPRY-28;operatividad;;ILEGIBLE;;Thu Dec 31;;"El PDF no tiene texto: es un escaneo. Hay que abrirlo y leerlo a ojo."
SPRY-28;padron;;NO DECLARA;SIN VENCIMIENTO;Thu Dec 31;si;"SERVICIO DE REGISTRO | CIVIL E IDENTIFICACIÓN | REPUBLICA DE CHILE"
SPRY-28;permiso_circulacion;SI;DECLARA;2027-03-31;Wed Mar 31;NO;"LA HIGUERA 2026 MUNICIPALIDAD DE LA AÑO VALIDO HASTA PLACA UNICA → 31/03/2027 SP-RY28-3"
SPRY-28;revision_tecnica;SI;NO DECLARA;SIN VENCIMIENTO;Tue Nov 30;si;"NOMBRE DEL PROPIETARIO RUT | CERTIFICADO DE REVISIÓN TÉCNICA | BANCO DE CREDITO E INVERSIONES 97006000-6"
SPRY-28;seguro_rc;;NO DECLARA;SIN VENCIMIENTO;Sun Aug 27;si;"PÓLIZA | Ramo : VEHICULOS COMERCIALES Esta entidad aseguradora, en consideración a la | Propuesta presentada por el asegurado, y a las : 8783718-1 Póliza N°"
SPRY-28;soap;SI;NO DECLARA;SIN VENCIMIENTO;Wed Mar 31;si;"IMPORTANTE: INFORMACION SOBRE ESTE SEGURO En el caso de incapacidad permanente parcial, los pagos por gastos médicos sumados a la indemnización que"
SPRY-29;factura_compra;;ILEGIBLE;;Thu Dec 31;;"El PDF no tiene texto: es un escaneo. Hay que abrirlo y leerlo a ojo."
SPRY-29;inscripcion_rnvm;;ILEGIBLE;;Thu Dec 31;;"El PDF no tiene texto: es un escaneo. Hay que abrirlo y leerlo a ojo."
SPRY-29;padron;;NO DECLARA;SIN VENCIMIENTO;Thu Dec 31;si;"SERVICIO DE REGISTRO | CIVIL E IDENTIFICACIÓN | REPUBLICA DE CHILE"
SPRY-29;permiso_circulacion;SI;DECLARA;2027-03-31;Wed Mar 31;NO;"LA HIGUERA 2026 MUNICIPALIDAD DE LA AÑO VALIDO HASTA PLACA UNICA → 31/03/2027 SP-RY29-1"
SPRY-29;revision_tecnica;SI;NO DECLARA;SIN VENCIMIENTO;Mon Jan 31;si;"NOMBRE DEL PROPIETARIO | RUT CERTIFICADO DE REVISIÓN TÉCNICA BANCO DE CREDITO E INVERSIONES | 97006000-6"
SPRY-29;seguro_rc;;NO DECLARA;SIN VENCIMIENTO;Thu Dec 31;si;"INV.PARCIAL O TOTAL PERMANENTE 100,00 0,01"
SPRY-29;soap;SI;NO DECLARA;SIN VENCIMIENTO;Wed Mar 31;si;"IMPORTANTE: INFORMACION SOBRE ESTE SEGURO En el caso de incapacidad permanente parcial, los pagos por gastos médicos sumados a la indemnización que"
SURT-MP-001;sec;SI;ILEGIBLE;;Mon Jun 15;;"No se pudo abrir: Failed to parse URL from /certificaciones/demo/sec_surt_mp_001.pdf"
SURT-MP-002;sec;SI;ILEGIBLE;;Mon Apr 20;;"No se pudo abrir: Failed to parse URL from /certificaciones/demo/sec_surt_mp_002.pdf"
SURT-PC-001;seremi;SI;ILEGIBLE;;Thu Aug 20;;"No se pudo abrir: Failed to parse URL from /certificaciones/demo/seremi_surt_pc_001.pdf"
SURT-PC-002;calibracion;;ILEGIBLE;;Fri Apr 10;;"No se pudo abrir: Failed to parse URL from /certificaciones/demo/cal_surt_pc_002.pdf"
SURT-PE-001;calibracion;;ILEGIBLE;;Fri Jul 10;;"No se pudo abrir: Failed to parse URL from /certificaciones/demo/cal_surt_pe_001.pdf"
SVBJ-55;aire_acondicionado;;ILEGIBLE;;Thu Dec 31;;"El PDF no tiene texto: es un escaneo. Hay que abrirlo y leerlo a ojo."
SVBJ-55;analisis_gases;;ILEGIBLE;;Sat Dec 26;;"El PDF no tiene texto: es un escaneo. Hay que abrirlo y leerlo a ojo."
SVBJ-55;ausencia_falla_ecm;;NO DECLARA;SIN VENCIMIENTO;Thu Dec 31;si;"Coquimbo, 28 de mayo de 2026 | CERTIFICADO DE AUSENCIA DE CODIGOS DE | FALLA DEL ECM DEL CAMION."
SVBJ-55;cert_cabina;;NO DECLARA;SIN VENCIMIENTO;Thu Dec 31;si;"Volvo Chile SPA. | CERTIFICADO | VOLVO COMMERCIAL VEHICLES AND CONSTRUCCION EQUIPMENT SOUTH"
SVBJ-55;factura_compra;;ILEGIBLE;;Thu Dec 31;;"El PDF no tiene texto: es un escaneo. Hay que abrirlo y leerlo a ojo."
SVBJ-55;ficha_tecnica;;ILEGIBLE;;Thu Dec 31;;"El PDF no tiene texto: es un escaneo. Hay que abrirlo y leerlo a ojo."
SVBJ-55;gps;;NO DECLARA;SIN VENCIMIENTO;Thu Dec 31;si;"Certificado de Integración GPS | Vehículo acreditado y transmitiendo online | Fecha Último Proveedor"
SVBJ-55;hermeticidad;;ILEGIBLE;;Thu Dec 31;;"El PDF no tiene texto: es un escaneo. Hay que abrirlo y leerlo a ojo."
SVBJ-55;homologacion;;ILEGIBLE;;Thu Dec 31;;"El PDF no tiene texto: es un escaneo. Hay que abrirlo y leerlo a ojo."
SVBJ-55;inscripcion_rnvm;;ILEGIBLE;;Thu Dec 31;;"El PDF no tiene texto: es un escaneo. Hay que abrirlo y leerlo a ojo."
SVBJ-55;inventario_neumaticos;;NO DECLARA;SIN VENCIMIENTO;Thu Dec 31;si;"VITACORA DE NEUMATICOS | EQUIPO KILOMETRAJE 22892 | FECHA 17/03/2026 HOROMETRO 1168"
SVBJ-55;laminas_seguridad;;NO DECLARA;SIN VENCIMIENTO;Sun Mar 30;si;"CERTIFICADO INSTALACION LAMINA DE SEGURIDAD N°15272 | EQUIPO : VOLVO | SERIE : E191064"
SVBJ-55;mant_hidraulico;;NO DECLARA;SIN VENCIMIENTO;Thu Dec 31;si;"Coquimbo, 28 de mayo de 2026 | CERTIFICADO DE MANTENCION REALIZADA AL | SISTEMA HIDRAULICO DE LA BOMBA"
SVBJ-55;mantencion;;ILEGIBLE;;Sat Jul 03;;"El PDF no tiene texto: es un escaneo. Hay que abrirlo y leerlo a ojo."
SVBJ-55;operatividad;;NO DECLARA;SIN VENCIMIENTO;Sat Nov 28;si;"Coquimbo, 28 de mayo de 2026 | CERTIFICADO DE OPERATIVIDAD DEL EQUIPO | Pillado y Compañía Limitada, Rut 77.316.540-8, certifica que el siguiente vehículo"
SVBJ-55;padron;;NO DECLARA;SIN VENCIMIENTO;Thu Dec 31;si;"SERVICIO DE REGISTRO | CIVIL E IDENTIFICACIÓN | REPUBLICA DE CHILE"
SVBJ-55;permiso_circulacion;SI;DECLARA;2026-09-30;Wed Sep 30;NO;"LA HIGUERA 2025 MUNICIPALIDAD DE LA AÑO VALIDO HASTA PLACA UNICA → 30/09/2026 SV-BJ55-1"
SVBJ-55;revision_tecnica;SI;ILEGIBLE;;Sat Dec 26;;"El PDF no tiene texto: es un escaneo. Hay que abrirlo y leerlo a ojo."
SVBJ-55;seguro_rc;;NO DECLARA;SIN VENCIMIENTO;Sun Aug 27;si;"PÓLIZA | Ramo : VEHICULOS COMERCIALES Esta entidad aseguradora, en consideración a la | Propuesta presentada por el asegurado, y a las : 8783721-1 Póliza N°"
SVBJ-55;sist_riego;;NO DECLARA;SIN VENCIMIENTO;Thu Dec 31;si;"Coquimbo, 28 de mayo de 2026 | CERTIFICADO DE FUNCIONAMIENTO DEL | SISTEMA DE REGADIO"
SVBJ-55;soap;SI;NO DECLARA;SIN VENCIMIENTO;Wed Sep 30;si;"IMPORTANTE INFORMACION SOBRE ESTE SEGURO COBERTURA : El SOAP cubre la muerte, En el caso de incapacidad permanente parcial, los pagos por gastos médicos sumados"
SVBJ-55;tacografo;;NO DECLARA;SIN VENCIMIENTO;Thu Dec 31;si;"Coquimbo, 28 de mayo de 2026 | CERTIFICADO DE FUNCIONAMIENTO DEL | TACOGRAFO"
SVBJ-55;torque_ruedas;;ILEGIBLE;;Fri Jan 15;;"El PDF no tiene texto: es un escaneo. Hay que abrirlo y leerlo a ojo."
SVBJ-56;aire_acondicionado;;ILEGIBLE;;Thu Dec 31;;"El PDF no tiene texto: es un escaneo. Hay que abrirlo y leerlo a ojo."
SVBJ-56;analisis_gases;SI;ILEGIBLE;;Sun Dec 20;;"El PDF no tiene texto: es un escaneo. Hay que abrirlo y leerlo a ojo."
SVBJ-56;ausencia_falla_ecm;;ILEGIBLE;;Thu Dec 31;;"El PDF no tiene texto: es un escaneo. Hay que abrirlo y leerlo a ojo."
SVBJ-56;calibracion;;ILEGIBLE;;Thu Dec 31;;"El PDF no tiene texto: es un escaneo. Hay que abrirlo y leerlo a ojo."
SVBJ-56;cert_cabina;;NO DECLARA;SIN VENCIMIENTO;Thu Dec 31;si;"Volvo Chile SPA. | CERTIFICADO | VOLVO COMMERCIAL VEHICLES AND CONSTRUCCION EQUIPMENT SOUTH"
SVBJ-56;factura_compra;;NO DECLARA;SIN VENCIMIENTO;Thu Dec 31;si;"Powered by TCPDF (www.tcpdf.org)"
SVBJ-56;ficha_tecnica;;ILEGIBLE;;Thu Dec 31;;"El PDF no tiene texto: es un escaneo. Hay que abrirlo y leerlo a ojo."
SVBJ-56;flujo_descarga;;ILEGIBLE;;Thu Dec 31;;"El PDF no tiene texto: es un escaneo. Hay que abrirlo y leerlo a ojo."
SVBJ-56;gps;;NO DECLARA;SIN VENCIMIENTO;Thu Dec 31;si;"25 de agosto del 2025 | CERTIFICADO DE SERVICIO GPS | Mediante el presente, se certifica que el cliente Pillado y Compañía Limitada RUT"
SVBJ-56;hermeticidad;SI;ILEGIBLE;;Thu Dec 31;;"El PDF no tiene texto: es un escaneo. Hay que abrirlo y leerlo a ojo."
SVBJ-56;homologacion;;ILEGIBLE;;Thu Dec 31;;"El PDF no tiene texto: es un escaneo. Hay que abrirlo y leerlo a ojo."
SVBJ-56;inscripcion_rnvm;;NO DECLARA;SIN VENCIMIENTO;Thu Dec 31;si;"SERVICIO DE REGISTRO FOLIO : 600002963487 | CIVIL E IDENTIFICACIÓN | Código Verificación:"
SVBJ-56;inscripcion_sec;;NO DECLARA;SIN VENCIMIENTO;Thu Dec 31;si;"PAGINA 1 de 2 | Comprobante de Declaración de Camión Tanque de Transporte de | Combustibles Líquidos."
SVBJ-56;inventario_neumaticos;;ILEGIBLE;;Wed Jan 20;;"El PDF no tiene texto: es un escaneo. Hay que abrirlo y leerlo a ojo."
SVBJ-56;laminas_seguridad;;NO DECLARA;SIN VENCIMIENTO;Thu Dec 31;si;"Calama, 16 de septiembre de 2025 | CERTIFICADO DE LAMINAS DE SEGURIDAD | Pillado y Compañía Limitada, Rut 77.316.540-8, por medio del presente documento,"
SVBJ-56;mantencion;;ILEGIBLE;;Thu Dec 23;;"El PDF no tiene texto: es un escaneo. Hay que abrirlo y leerlo a ojo."
SVBJ-56;padron;;NO DECLARA;SIN VENCIMIENTO;Thu Dec 31;si;"SERVICIO DE REGISTRO | CIVIL E IDENTIFICACIÓN | REPUBLICA DE CHILE"
SVBJ-56;permiso_circulacion;SI;DECLARA;2026-09-30;Wed Sep 30;NO;"LA HIGUERA 2025 MUNICIPALIDAD DE LA AÑO VALIDO HASTA PLACA UNICA → 30/09/2026 SV-BJ56-K"
SVBJ-56;revision_tecnica;SI;ILEGIBLE;;Sun Dec 20;;"El PDF no tiene texto: es un escaneo. Hay que abrirlo y leerlo a ojo."
SVBJ-56;seguro_rc;;NO DECLARA;SIN VENCIMIENTO;Sun Aug 27;si;"PÓLIZA | Ramo : VEHICULOS COMERCIALES Esta entidad aseguradora, en consideración a la | Propuesta presentada por el asegurado, y a las : 8783721-1 Póliza N°"
SVBJ-56;soap;SI;NO DECLARA;SIN VENCIMIENTO;Wed Sep 30;si;"IMPORTANTE INFORMACION SOBRE ESTE SEGURO COBERTURA : El SOAP cubre la muerte, En el caso de incapacidad permanente parcial, los pagos por gastos médicos sumados"
SVBJ-56;tacografo;;ILEGIBLE;;Thu Dec 31;;"El PDF no tiene texto: es un escaneo. Hay que abrirlo y leerlo a ojo."
SVBJ-56;tc8_sec;SI;ILEGIBLE;;Thu Dec 31;;"El PDF no tiene texto: es un escaneo. Hay que abrirlo y leerlo a ojo."
SVBJ-57;aire_acondicionado;;ILEGIBLE;;Thu Dec 31;;"El PDF no tiene texto: es un escaneo. Hay que abrirlo y leerlo a ojo."
SVBJ-57;analisis_gases;;ILEGIBLE;;Sat Nov 07;;"El PDF no tiene texto: es un escaneo. Hay que abrirlo y leerlo a ojo."
SVBJ-57;ausencia_falla_ecm;;ILEGIBLE;;Thu Dec 31;;"El PDF no tiene texto: es un escaneo. Hay que abrirlo y leerlo a ojo."
SVBJ-57;calibracion;;ILEGIBLE;;Thu Dec 31;;"El PDF no tiene texto: es un escaneo. Hay que abrirlo y leerlo a ojo."
SVBJ-57;cert_cabina;;NO DECLARA;SIN VENCIMIENTO;Thu Dec 31;si;"Volvo Chile SPA. | CERTIFICADO | VOLVO COMMERCIAL VEHICLES AND CONSTRUCCION EQUIPMENT SOUTH"
SVBJ-57;factura_compra;;ILEGIBLE;;Thu Dec 31;;"El PDF no tiene texto: es un escaneo. Hay que abrirlo y leerlo a ojo."
SVBJ-57;ficha_tecnica;;ILEGIBLE;;Thu Dec 31;;"El PDF no tiene texto: es un escaneo. Hay que abrirlo y leerlo a ojo."
SVBJ-57;flujo_descarga;;ILEGIBLE;;Thu Dec 31;;"El PDF no tiene texto: es un escaneo. Hay que abrirlo y leerlo a ojo."
SVBJ-57;gps;;ILEGIBLE;;Thu Dec 31;;"El PDF no tiene texto: es un escaneo. Hay que abrirlo y leerlo a ojo."
SVBJ-57;hermeticidad;SI;DECLARA;2027-08-07;Sat Aug 07;NO;"Fecha de vencimiento : 07 de agosto de 2027"
SVBJ-57;homologacion;;ILEGIBLE;;Thu Dec 31;;"El PDF no tiene texto: es un escaneo. Hay que abrirlo y leerlo a ojo."
SVBJ-57;inscripcion_rnvm;;NO DECLARA;SIN VENCIMIENTO;Thu Dec 31;si;"SERVICIO DE REGISTRO FOLIO : 600002963489 | CIVIL E IDENTIFICACIÓN | Código Verificación:"
SVBJ-57;inscripcion_sec;;NO DECLARA;SIN VENCIMIENTO;Thu Dec 31;si;"PAGINA 1 de 2 | Comprobante de Declaración de Camión Tanque de Transporte de | Combustibles Líquidos."
SVBJ-57;inventario_neumaticos;;ILEGIBLE;;Fri Dec 18;;"El PDF no tiene texto: es un escaneo. Hay que abrirlo y leerlo a ojo."
SVBJ-57;laminas_seguridad;;NO DECLARA;SIN VENCIMIENTO;Thu Dec 31;si;"CERTIFICADO INSTALACION LAMINA DE SEGURIDAD N°15273 | EQUIPO : VOLVO | SERIE : 93KKYM0D5 RE190769"
SVBJ-57;mantencion;;ILEGIBLE;;Sat Nov 14;;"El PDF no tiene texto: es un escaneo. Hay que abrirlo y leerlo a ojo."
SVBJ-57;operatividad;;NO DECLARA;SIN VENCIMIENTO;Tue Jul 06;si;"VOL Vo | CERTIFICADO DE OPERATIVIDAD 23441 | 07 de enero de 2026"
SVBJ-57;optico_sobrellenado;;ILEGIBLE;;Thu Dec 31;;"El PDF no tiene texto: es un escaneo. Hay que abrirlo y leerlo a ojo."
SVBJ-57;otra;SI;NO DECLARA;SIN VENCIMIENTO;Sun Aug 20;si;"CERTIFICADO DE INSTALACIÓN DE DISPOSITIVO | ND Solutions, Equipamiento Vehicular, certifica que el siguiente producto: | SISTEMA ADAS – TERCER OJO"
SVBJ-57;padron;;NO DECLARA;SIN VENCIMIENTO;Thu Dec 31;si;"SERVICIO DE REGISTRO | CIVIL E IDENTIFICACIÓN | REPUBLICA DE CHILE"
SVBJ-57;permiso_circulacion;SI;DECLARA;2026-09-30;Wed Sep 30;NO;"LA HIGUERA 2025 MUNICIPALIDAD DE LA AÑO VALIDO HASTA PLACA UNICA → 30/09/2026 SV-BJ57-8"
SVBJ-57;revision_tecnica;SI;ILEGIBLE;;Sat Nov 07;;"El PDF no tiene texto: es un escaneo. Hay que abrirlo y leerlo a ojo."
SVBJ-57;seguro_rc;;NO DECLARA;SIN VENCIMIENTO;Sun Aug 27;si;"PÓLIZA | Ramo : VEHICULOS COMERCIALES Esta entidad aseguradora, en consideración a la | Propuesta presentada por el asegurado, y a las : 8783721-1 Póliza N°"
SVBJ-57;soap;SI;NO DECLARA;SIN VENCIMIENTO;Wed Sep 30;si;"IMPORTANTE INFORMACION SOBRE ESTE SEGURO COBERTURA : El SOAP cubre la muerte, En el caso de incapacidad permanente parcial, los pagos por gastos médicos sumados"
SVBJ-57;tacografo;;ILEGIBLE;;Thu Dec 31;;"El PDF no tiene texto: es un escaneo. Hay que abrirlo y leerlo a ojo."
SVBJ-57;tc8_sec;SI;ILEGIBLE;;Thu Dec 31;;"El PDF no tiene texto: es un escaneo. Hay que abrirlo y leerlo a ojo."
SVBJ-57;torque_ruedas;;ILEGIBLE;;Thu Dec 31;;"El PDF no tiene texto: es un escaneo. Hay que abrirlo y leerlo a ojo."
SVCZ-38;aire_acondicionado;;NO DECLARA;SIN VENCIMIENTO;Thu Dec 31;si;"PILLAD0 | EMPRESAS Coquimbo, 14 de noviembre de 2025 | CERTIFICADODE MANTENCION DE AIRE"
SVCZ-38;analisis_gases;;NO DECLARA;SIN VENCIMIENTO;Wed Nov 04;si;"REVISIONES GUAYACAN SpA FECHA | AV. LA CANTERA 1351 COQUIMBO 04 MAYO 2026 | PLACA PATENTE"
SVCZ-38;ausencia_falla_ecm;;NO DECLARA;SIN VENCIMIENTO;Thu Dec 31;si;"PILLADO | Coquimbo, 04 de noviembre de 2025 EMPRESAS | CERTIFICADO DE AUSENCIA DE CODIGOS DE"
SVCZ-38;cert_cabina;;NO DECLARA;SIN VENCIMIENTO;Thu Dec 31;si;"Volvo Chile SPA. | CERTIFICADO | VOLVO COMMERCIAL VEHICLES AND CONSTRUCCION EQUIPMENT SOUTH"
SVCZ-38;factura_compra;;NO DECLARA;SIN VENCIMIENTO;Thu Dec 31;si;"VOLVO | PUT76284920-8 VOLVO CHILE SPA | Come medalizadon"
SVCZ-38;ficha_tecnica;;ILEGIBLE;;Thu Dec 31;;"El PDF no tiene texto: es un escaneo. Hay que abrirlo y leerlo a ojo."
SVCZ-38;gps;;ILEGIBLE;;Thu Dec 31;;"El PDF no tiene texto: es un escaneo. Hay que abrirlo y leerlo a ojo."
SVCZ-38;hermeticidad;;NO DECLARA;SIN VENCIMIENTO;Thu Dec 31;si;"PILLAD0 | EMPRESAS Coquimbo, 03 de noviembre de 2025 | CERTIFICADO DE HERMETICIDAD DEL ESTANQUE"
SVCZ-38;homologacion;;ILEGIBLE;;Thu Dec 31;;"El PDF no tiene texto: es un escaneo. Hay que abrirlo y leerlo a ojo."
SVCZ-38;inscripcion_rnvm;;ILEGIBLE;;Thu Dec 31;;"El PDF no tiene texto: es un escaneo. Hay que abrirlo y leerlo a ojo."
SVCZ-38;inventario_neumaticos;;NO DECLARA;SIN VENCIMIENTO;Tue Apr 15;si;"AENA | ENTREGA PILLADO | CHECK LIST CAMION ALJIBE DE AGUA EMPRESAS"
SVCZ-38;laminas_seguridad;;NO DECLARA;SIN VENCIMIENTO;Thu Apr 03;si;"CERTIFICADO INSTALACION LAMINA DE SEGURIDAD N°15271 | EQUIPO : VOLVO | SERIE : E191065"
SVCZ-38;mant_hidraulico;;NO DECLARA;SIN VENCIMIENTO;Thu Dec 31;si;"PILLADO | Coquimbo, 04 de noviembre de 2025 EMPRESAS | CERTIFICADO DE MANTENCION REALIZADAAL"
SVCZ-38;mantencion;;NO DECLARA;SIN VENCIMIENTO;Sat Nov 08;si;"Coquimbo, 17 de abril de 2026 | CERTIFICADO DE MANTENIMIENTO. | Por medio del presente documento se certifica que el equipo que a continuación se"
SVCZ-38;operatividad;;NO DECLARA;SIN VENCIMIENTO;Fri Sep 26;si;"PILLAD0 | Coquimbo, 04 de noviembre de 2025 EMPRESAS | CERTIFICADODE OPERATIVIDAD DEL EQUIPO"
SVCZ-38;padron;;NO DECLARA;SIN VENCIMIENTO;Thu Dec 31;si;"SERVICIO DE REGISTRO | CIVIL E IDENTIFICACIÓN | REPUBLICA DE CHILE"
SVCZ-38;permiso_circulacion;SI;DECLARA;2026-09-30;Wed Sep 30;NO;"LA HIGUERA 2025 MUNICIPALIDAD DE LA AÑO VALIDO HASTA PLACA UNICA → 30/09/2026 SV-CZ38-K"
SVCZ-38;revision_tecnica;SI;NO DECLARA;SIN VENCIMIENTO;Wed Nov 04;si;"REVISIONES GUAYACAN SpA | FECHA | AV. LA CANTERA 1351 COQUIMBO"
SVCZ-38;seguro_rc;;NO DECLARA;SIN VENCIMIENTO;Thu Dec 31;si;"Pagina 23 de 52 | POLIZA 85-000000079609 | Producto VM HDI FULL PESADO COMERCIO"
SVCZ-38;sist_riego;;NO DECLARA;SIN VENCIMIENTO;Thu Dec 31;si;"PILLADO | EMPRESSAS Coquimbo, 03 de noviembre de 2025 | CERTIFICADODE FUNCIONAMIENTO DEL"
SVCZ-38;soap;SI;NO DECLARA;SIN VENCIMIENTO;Wed Sep 30;si;"IMPORTANTE INFORMACION SOBRE ESTE SEGURO COBERTURA : El SOAP cubre la muerte, En el caso de incapacidad permanente parcial, los pagos por gastos médicos sumados"
SVCZ-38;tacografo;;NO DECLARA;SIN VENCIMIENTO;Thu Dec 31;si;"PILLAD0 | EMPRESAS Coquimbo, 04 de noviembre de 2025 | CERTIFICADO DE FUNCIONAMIENTO DEL"
SVCZ-38;torque_ruedas;;NO DECLARA;SIN VENCIMIENTO;Fri Aug 08;si;"Coquimbo, 17 de abril de 2026 | CERTIFICADO DE TORQUE | Pillado y Compañía Limitada, Rut 77.316.540-8, certifica que el siguiente vehículo"
TCJV-15;analisis_gases;;ILEGIBLE;;Sat Dec 12;;"El PDF no tiene texto: es un escaneo. Hay que abrirlo y leerlo a ojo."
TCJV-15;cert_cabina;;NO DECLARA;SIN VENCIMIENTO;Thu Dec 31;si;"CERTIFICADO | Estimados señores: | Presente."
TCJV-15;factura_compra;;ILEGIBLE;;Thu Dec 31;;"El PDF no tiene texto: es un escaneo. Hay que abrirlo y leerlo a ojo."
TCJV-15;ficha_tecnica;;NO DECLARA;SIN VENCIMIENTO;Thu Dec 31;si;"C440 6x4 Euro 5 | ID | (C440 6x4)"
TCJV-15;hermeticidad;;DECLARA;2026-12-12;Sat Dec 12;NO;"Fecha de vencimiento sábado, 12 de diciembre de 2026"
TCJV-15;inscripcion_rnvm;;ILEGIBLE;;Thu Dec 31;;"El PDF no tiene texto: es un escaneo. Hay que abrirlo y leerlo a ojo."
TCJV-15;inscripcion_sec;;NO DECLARA;SIN VENCIMIENTO;Thu Dec 31;si;"PAGINA 1 de 2 | Comprobante de Declaración de Camión Tanque de Transporte de | Combustibles Líquidos."
TCJV-15;inventario_neumaticos;;ILEGIBLE;;Tue Mar 25;;"El PDF no tiene texto: es un escaneo. Hay que abrirlo y leerlo a ojo."
TCJV-15;laminas_seguridad;;NO DECLARA;SIN VENCIMIENTO;Thu Dec 31;si;"VENTA E INSTALACIÓN DE CRISTALES | AUTOMOTRICES Y MAQUINARIAS PESADA | CERTIFICADO DE LAMINA DE SEGURIDAD"
TCJV-15;mantencion;;NO DECLARA;SIN VENCIMIENTO;Sat Jun 12;si;"Calama, 12 JUNIO de 2026 | CERTIFICADO DE MANTENIMIENTO. | Por medio del presente documento se certifica que el equipo que a continuación se"
TCJV-15;padron;;ILEGIBLE;;Thu Dec 31;;"El PDF no tiene texto: es un escaneo. Hay que abrirlo y leerlo a ojo."
TCJV-15;permiso_circulacion;SI;DECLARA;2026-09-30;Wed Sep 30;NO;"LA HIGUERA 2025 MUNICIPALIDAD DE LA AÑO VALIDO HASTA PLACA UNICA → 30/09/2026 TC-JV15-2"
TCJV-15;revision_tecnica;SI;ILEGIBLE;;Sat Dec 12;;"No se pudo abrir: Invalid PDF structure."
TCJV-15;seguro_rc;;NO DECLARA;SIN VENCIMIENTO;Sun Aug 27;si;"PÓLIZA | Ramo : VEHICULOS COMERCIALES Esta entidad aseguradora, en consideración a la | Propuesta presentada por el asegurado, y a las : 8783721-1 Póliza N°"
TCJV-15;soap;SI;NO DECLARA;SIN VENCIMIENTO;Wed Sep 30;si;"IMPORTANTE INFORMACION SOBRE ESTE SEGURO COBERTURA : El SOAP cubre la muerte, En el caso de incapacidad permanente parcial, los pagos por gastos médicos sumados"
TCJV-15;tc8_sec;SI;ILEGIBLE;;Thu Feb 01;;"El PDF no tiene texto: es un escaneo. Hay que abrirlo y leerlo a ojo."
TCRB-71;factura_compra;;NO DECLARA;SIN VENCIMIENTO;Thu Dec 31;si;"R.U.T.: 76.242.341-3 | AUTOKAS SOCIEDAD ANONIMA FACTURA ELECTRONICA | COMERCIALIZACION DE VEHICULOS MOTORIZADOS, VENTA DE REPUESTOS Y SERVICIO TECNICOS"
TCRB-71;homologacion;;NO DECLARA;SIN VENCIMIENTO;Thu Dec 31;si;"El vehículo individualizado en este Certificado, cumple con las regulaciones para CERTIFICADO DE HOMOLOGACIÓN | Aspectos constructivos y de Emisiones de la Repú"
TCRB-71;padron;;ILEGIBLE;;Thu Dec 31;;"El PDF no tiene texto: es un escaneo. Hay que abrirlo y leerlo a ojo."
TCRB-71;permiso_circulacion;SI;DECLARA;2027-03-31;Wed Mar 31;NO;"LA HIGUERA 2026 MUNICIPALIDAD DE LA AÑO VALIDO HASTA PLACA UNICA → 31/03/2027 TC-RB71-0"
TCRB-71;seguro_rc;;NO DECLARA;SIN VENCIMIENTO;Sun Aug 27;si;"PÓLIZA | Ramo : VEHICULOS COMERCIALES Esta entidad aseguradora, en consideración a la | Propuesta presentada por el asegurado, y a las : 8783718-1 Póliza N°"
TCRB-71;soap;SI;NO DECLARA;SIN VENCIMIENTO;Wed Mar 31;si;"IMPORTANTE: INFORMACION SOBRE ESTE SEGURO En el caso de incapacidad permanente parcial, los pagos por gastos médicos sumados a la indemnización que"
TGGF-56;analisis_gases;;NO DECLARA;SIN VENCIMIENTO;Fri Sep 04;si;"GED SpA FECHA -~ □ | CAMINO A CHIU-CHIU 446, SITIO N 30 04 MARZO 2026 | ••"
TGGF-56;cert_cabina;;NO DECLARA;SIN VENCIMIENTO;Thu Dec 31;si;"Volvo Chile SPA. | CERTIFICADO | VOLVO COMMERCIAL VEHICLES AND CONSTRUCCION EQUIPMENT SOUTH"
TGGF-56;factura_compra;;ILEGIBLE;;Thu Dec 31;;"El PDF no tiene texto: es un escaneo. Hay que abrirlo y leerlo a ojo."
TGGF-56;hermeticidad;;NO DECLARA;SIN VENCIMIENTO;Sat Apr 12;si;"Informe Nº : HID-112-2024 | CERTIFICADO DE HERMETICIDAD OT Nº : 1871 | Nº Registro : CE243 Y PRUEBA HIDROESTATICA"
TGGF-56;inscripcion_rnvm;;ILEGIBLE;;Thu Dec 31;;"El PDF no tiene texto: es un escaneo. Hay que abrirlo y leerlo a ojo."
TGGF-56;laminas_seguridad;;NO DECLARA;SIN VENCIMIENTO;Sat Feb 28;si;"CERTIFICADO INSTALACION LAMINA DE SEGURIDAD | EQUIPO : VOLVO | Folio N°: 14660"
TGGF-56;mantencion;;NO DECLARA;SIN VENCIMIENTO;Fri Apr 23;si;"Calama, 24 Abril de 2026 | CERTIFICADO DE MANTENIMIENTO. | Por medio del presente documento se certifica que el equipo que a continuación se"
TGGF-56;permiso_circulacion;SI;DECLARA;2026-09-30;Wed Sep 30;NO;"LA HIGUERA 2025 MUNICIPALIDAD DE LA AÑO VALIDO HASTA PLACA UNICA → 30/09/2026 TG-GF56-6"
TGGF-56;revision_tecnica;SI;NO DECLARA;SIN VENCIMIENTO;Fri Sep 04;si;"GEDSpA | FECHA CAMINO A CHIU-CHIU 446, SITIO N 30 | 04 MARZO 2026"
TGGF-56;seguro_rc;;NO DECLARA;SIN VENCIMIENTO;Sun Aug 27;si;"PÓLIZA | Ramo : VEHICULOS COMERCIALES Esta entidad aseguradora, en consideración a la | Propuesta presentada por el asegurado, y a las : 8783721-1 Póliza N°"
TGGF-56;soap;SI;NO DECLARA;SIN VENCIMIENTO;Wed Sep 30;si;"IMPORTANTE INFORMACION SOBRE ESTE SEGURO COBERTURA : El SOAP cubre la muerte, En el caso de incapacidad permanente parcial, los pagos por gastos médicos sumados"
TGGF-56;torque_ruedas;;ILEGIBLE;;Thu Dec 31;;"El PDF no tiene texto: es un escaneo. Hay que abrirlo y leerlo a ojo."
TGGF-57;analisis_gases;;ILEGIBLE;;Sun Feb 14;;"El PDF no tiene texto: es un escaneo. Hay que abrirlo y leerlo a ojo."
TGGF-57;ausencia_falla_ecm;;NO DECLARA;SIN VENCIMIENTO;Thu Dec 31;si;"Coquimbo, 13 de abril de 2026 | CERTIFICADO DE AUSENCIA DE CODIGOS DE | FALLA DEL ECM DEL CAMION."
TGGF-57;cert_cabina;;NO DECLARA;SIN VENCIMIENTO;Thu Dec 31;si;"Volvo Chile SPA. | CERTIFICADO | VOLVO COMMERCIAL VEHICLES AND CONSTRUCCION EQUIPMENT SOUTH"
TGGF-57;factura_compra;;ILEGIBLE;;Thu Dec 31;;"El PDF no tiene texto: es un escaneo. Hay que abrirlo y leerlo a ojo."
TGGF-57;hermeticidad;;NO DECLARA;SIN VENCIMIENTO;Fri May 02;si;"Informe Nº : HID-115-2024 | CERTIFICADO DE HERMETICIDAD OT Nº : 1872 | Nº Registro : CE246 Y PRUEBA HIDROESTATICA"
TGGF-57;inscripcion_rnvm;;ILEGIBLE;;Thu Dec 31;;"El PDF no tiene texto: es un escaneo. Hay que abrirlo y leerlo a ojo."
TGGF-57;inventario_neumaticos;;NO DECLARA;SIN VENCIMIENTO;Wed May 07;si;"VITACORA DE NEUMATICOS | EQUIPO Camión de riego 22.000 L KILOMETRAJE 15802 | FECHA 24/04/2026 HOROMETRO 702"
TGGF-57;laminas_seguridad;;NO DECLARA;SIN VENCIMIENTO;Thu Mar 26;si;"CERTIFICADO INSTALACION LAMINA DE SEGURIDAD | EQUIPO : CAMION VOLVO | Folio N°: 14556"
TGGF-57;mant_hidraulico;;NO DECLARA;SIN VENCIMIENTO;Thu Dec 31;si;"Coquimbo, 9 de abril de 2026 | CERTIFICADO DE MANTENCION REALIZADA AL | SISTEMA HIDRAULICO DE LA BOMBA"
TGGF-57;mantencion;;NO DECLARA;SIN VENCIMIENTO;Thu Dec 31;si;"Coquimbo, 13 de abril de 2026 | CERTIFICADO DE MANTENCION DE AIRE | ACONDICIONADO"
TGGF-57;operatividad;;NO DECLARA;SIN VENCIMIENTO;Thu Dec 31;si;"Coquimbo, 21 de abril de 2026 | CERTIFICADO DE OPERATIVIDAD DEL EQUIPO | Pillado y Compañía Limitada, Rut 77.316.540-8, certifica que el siguiente vehículo"
TGGF-57;permiso_circulacion;SI;DECLARA;2026-09-30;Wed Sep 30;NO;"LA HIGUERA 2025 MUNICIPALIDAD DE LA AÑO VALIDO HASTA PLACA UNICA → 30/09/2026 TG-GF57-4"
TGGF-57;revision_tecnica;;ILEGIBLE;;Sun Feb 14;;"El PDF no tiene texto: es un escaneo. Hay que abrirlo y leerlo a ojo."
TGGF-57;seguro_rc;;NO DECLARA;SIN VENCIMIENTO;Sun Aug 27;si;"PÓLIZA | Ramo : VEHICULOS COMERCIALES Esta entidad aseguradora, en consideración a la | Propuesta presentada por el asegurado, y a las : 8783721-1 Póliza N°"
TGGF-57;sist_riego;;NO DECLARA;SIN VENCIMIENTO;Thu Dec 31;si;"Coquimbo, 9 de abril de 2026 | CERTIFICADO DE FUNCIONAMIENTO DEL | SISTEMA DE REGADIO"
TGGF-57;soap;SI;NO DECLARA;SIN VENCIMIENTO;Wed Sep 30;si;"IMPORTANTE INFORMACION SOBRE ESTE SEGURO COBERTURA : El SOAP cubre la muerte, En el caso de incapacidad permanente parcial, los pagos por gastos médicos sumados"
TGGF-57;tacografo;;NO DECLARA;SIN VENCIMIENTO;Thu Dec 31;si;"Coquimbo, 13 de abril de 2026 | CERTIFICADO DE FUNCIONAMIENTO DEL | TACOGRAFO"
TGGF-57;torque_ruedas;;NO DECLARA;SIN VENCIMIENTO;Thu Dec 31;si;"Coquimbo, 21 de abril de 2026 | CERTIFICADO DE TORQUE | Pillado y Compañía Limitada, Rut 77.316.540-8, certifica que el siguiente vehículo"
TGGF-58;analisis_gases;;ILEGIBLE;;Fri Feb 12;;"El PDF no tiene texto: es un escaneo. Hay que abrirlo y leerlo a ojo."
TGGF-58;cert_cabina;;NO DECLARA;SIN VENCIMIENTO;Thu Dec 31;si;"Volvo Chile SPA. | CERTIFICADO | VOLVO COMMERCIAL VEHICLES AND CONSTRUCCION EQUIPMENT SOUTH"
TGGF-58;factura_compra;;ILEGIBLE;;Thu Dec 31;;"El PDF no tiene texto: es un escaneo. Hay que abrirlo y leerlo a ojo."
TGGF-58;hermeticidad;;NO DECLARA;SIN VENCIMIENTO;Thu Mar 20;si;"Informe Nº : HID-109-2024 | CERTIFICADO DE HERMETICIDAD OT Nº : 1870 | Nº Registro : CE240 Y PRUEBA HIDROESTATICA"
TGGF-58;homologacion;;ILEGIBLE;;Thu Dec 31;;"El PDF no tiene texto: es un escaneo. Hay que abrirlo y leerlo a ojo."
TGGF-58;inscripcion_rnvm;;ILEGIBLE;;Thu Dec 31;;"El PDF no tiene texto: es un escaneo. Hay que abrirlo y leerlo a ojo."
TGGF-58;inventario_neumaticos;;ILEGIBLE;;Tue Apr 08;;"El PDF no tiene texto: es un escaneo. Hay que abrirlo y leerlo a ojo."
TGGF-58;laminas_seguridad;;NO DECLARA;SIN VENCIMIENTO;Thu Mar 26;si;"CERTIFICADO INSTALACION LAMINA DE SEGURIDAD | EQUIPO : CAMION VOLVO | Folio N°: 14555"
TGGF-58;mantencion;;ILEGIBLE;;Thu Dec 31;;"El PDF no tiene texto: es un escaneo. Hay que abrirlo y leerlo a ojo."
TGGF-58;operatividad;;ILEGIBLE;;Thu Dec 31;;"El PDF no tiene texto: es un escaneo. Hay que abrirlo y leerlo a ojo."
TGGF-58;permiso_circulacion;SI;DECLARA;2026-09-30;Wed Sep 30;NO;"LA HIGUERA 2025 MUNICIPALIDAD DE LA AÑO VALIDO HASTA PLACA UNICA → 30/09/2026 TG-GF58-2"
TGGF-58;revision_tecnica;SI;ILEGIBLE;;Fri Feb 12;;"El PDF no tiene texto: es un escaneo. Hay que abrirlo y leerlo a ojo."
TGGF-58;seguro_rc;;NO DECLARA;SIN VENCIMIENTO;Thu Dec 31;si;"PERMANENTEMENTE AL VEHÍCULO"
TGGF-58;soap;SI;NO DECLARA;SIN VENCIMIENTO;Wed Sep 30;si;"IMPORTANTE INFORMACION SOBRE ESTE SEGURO COBERTURA : El SOAP cubre la muerte, En el caso de incapacidad permanente parcial, los pagos por gastos médicos sumados"
TGGF-58;torque_ruedas;;ILEGIBLE;;Thu Dec 31;;"El PDF no tiene texto: es un escaneo. Hay que abrirlo y leerlo a ojo."
TGGF-59;analisis_gases;;NO DECLARA;SIN VENCIMIENTO;Sat Sep 19;si;"• | • | GED SpA FECHA"
TGGF-59;cert_cabina;;NO DECLARA;SIN VENCIMIENTO;Thu Dec 31;si;"Volvo Chile SPA. | CERTIFICADO | VOLVO COMMERCIAL VEHICLES AND CONSTRUCCION EQUIPMENT SOUTH"
TGGF-59;factura_compra;;ILEGIBLE;;Thu Dec 31;;"El PDF no tiene texto: es un escaneo. Hay que abrirlo y leerlo a ojo."
TGGF-59;inscripcion_rnvm;;ILEGIBLE;;Thu Dec 31;;"El PDF no tiene texto: es un escaneo. Hay que abrirlo y leerlo a ojo."
TGGF-59;laminas_seguridad;;NO DECLARA;SIN VENCIMIENTO;Thu Mar 26;si;"CERTIFICADO INSTALACION LAMINA DE SEGURIDAD | EQUIPO : CAMION VOLVO | Folio N°: 14554"
TGGF-59;mantencion;;ILEGIBLE;;Thu Dec 31;;"El PDF no tiene texto: es un escaneo. Hay que abrirlo y leerlo a ojo."
TGGF-59;operatividad;;ILEGIBLE;;Thu Dec 31;;"El PDF no tiene texto: es un escaneo. Hay que abrirlo y leerlo a ojo."
TGGF-59;permiso_circulacion;SI;DECLARA;2026-09-30;Wed Sep 30;NO;"LA HIGUERA 2025 MUNICIPALIDAD DE LA AÑO VALIDO HASTA PLACA UNICA → 30/09/2026 TG-GF59-0"
TGGF-59;revision_tecnica;SI;NO DECLARA;SIN VENCIMIENTO;Thu Dec 31;si;"Gt:D SpA | FECHA CAMINO A CHIU-CHIU 446, SITIO N 30 | 19 MARZO 2026"
TGGF-59;seguro_rc;;NO DECLARA;SIN VENCIMIENTO;Sun Aug 27;si;"PÓLIZA | Ramo : VEHICULOS COMERCIALES Esta entidad aseguradora, en consideración a la | Propuesta presentada por el asegurado, y a las : 8783721-1 Póliza N°"
TGGF-59;soap;SI;NO DECLARA;SIN VENCIMIENTO;Wed Sep 30;si;"IMPORTANTE INFORMACION SOBRE ESTE SEGURO COBERTURA : El SOAP cubre la muerte, En el caso de incapacidad permanente parcial, los pagos por gastos médicos sumados"
TGGF-59;torque_ruedas;;ILEGIBLE;;Thu Dec 31;;"El PDF no tiene texto: es un escaneo. Hay que abrirlo y leerlo a ojo."
TGGF-60;analisis_gases;;NO DECLARA;SIN VENCIMIENTO;Mon Sep 07;si;"D So,\ FECHA | •U6 sirio N >O 07~NUOl02fl 'º A CH""-J CH1U | PLACA PATENTE"
TGGF-60;ausencia_falla_ecm;;NO DECLARA;SIN VENCIMIENTO;Thu Dec 31;si;"Coquimbo, 24 de marzo de 2026 | CERTIFICADO DE AUSENCIA DE CODIGOS DE | FALLA DEL ECM DEL CAMION."
TGGF-60;cert_cabina;;NO DECLARA;SIN VENCIMIENTO;Thu Dec 31;si;"Volvo Chile SPA. | CERTIFICADO | VOLVO COMMERCIAL VEHICLES AND CONSTRUCCION EQUIPMENT SOUTH"
TGGF-60;cert_gancho;;NO DECLARA;SIN VENCIMIENTO;Wed Nov 10;si;"E.L.D. EUROPEAN LIFTING DEVICES | divisione della Feat Group SpA | Uffici amministrativi: 23842 Bosisio Parini (Lc) Italy – Via Dei Livelli – Tel. (031) 3581411"
TGGF-60;factura_compra;;ILEGIBLE;;Thu Dec 31;;"El PDF no tiene texto: es un escaneo. Hay que abrirlo y leerlo a ojo."
TGGF-60;inscripcion_rnvm;;ILEGIBLE;;Thu Dec 31;;"El PDF no tiene texto: es un escaneo. Hay que abrirlo y leerlo a ojo."
TGGF-60;inventario_neumaticos;;NO DECLARA;SIN VENCIMIENTO;Thu Apr 22;si;"VITACORA DE NEUMATICOS | EQUIPO Camion pluma KILOMETRAJE 16713 | FECHA 22/04/2026 HOROMETRO 1274"
TGGF-60;laminas_seguridad;;NO DECLARA;SIN VENCIMIENTO;Thu Mar 26;si;"CERTIFICADO INSTALACION LAMINA DE SEGURIDAD | EQUIPO : CAMION VOLVO | PATENTE : TGGF-60"
TGGF-60;mant_hidraulico;;NO DECLARA;SIN VENCIMIENTO;Thu Dec 31;si;"Coquimbo, 20 de marzo de 2026 | CERTIFICADO DE MANTENCION REALIZADA AL | SISTEMA HIDRAULICO DE LA PLUMA"
TGGF-60;mantencion;;NO DECLARA;SIN VENCIMIENTO;Thu Dec 31;si;"Coquimbo, 24 de marzo de 2026 | CERTIFICADO DE MANTENCION DE AIRE | ACONDICIONADO"
TGGF-60;operatividad;;NO DECLARA;SIN VENCIMIENTO;Thu Dec 31;si;"Coquimbo, 29 de marzo de 2026 | CERTIFICADO DE OPERATIVIDAD DEL EQUIPO | Pillado y Compañía Limitada, Rut 77.316.540-8, certifica que el siguiente vehículo"
TGGF-60;permiso_circulacion;SI;DECLARA;2026-09-30;Wed Sep 30;NO;"LA HIGUERA 2025 MUNICIPALIDAD DE LA AÑO VALIDO HASTA PLACA UNICA → 30/09/2026 TG-GF60-4"
TGGF-60;revision_tecnica;SI;NO DECLARA;SIN VENCIMIENTO;Mon Sep 07;si;"!GED 5-pA. | FECHA | CAA'INO A. CHIU.CH U ""6. S11'!0 N lO 01 MARZO 2026"
TGGF-60;seguro_rc;;NO DECLARA;SIN VENCIMIENTO;Sun Aug 27;si;"PÓLIZA | Ramo : VEHICULOS COMERCIALES Esta entidad aseguradora, en consideración a la | Propuesta presentada por el asegurado, y a las : 8783721-1 Póliza N°"
TGGF-60;soap;SI;NO DECLARA;SIN VENCIMIENTO;Wed Sep 30;si;"IMPORTANTE INFORMACION SOBRE ESTE SEGURO COBERTURA : El SOAP cubre la muerte, En el caso de incapacidad permanente parcial, los pagos por gastos médicos sumados"
TGGF-60;tacografo;;NO DECLARA;SIN VENCIMIENTO;Thu Dec 31;si;"Coquimbo, 24 de marzo de 2026 | CERTIFICADO DE FUNCIONAMIENTO DEL | TACOGRAFO"
TGGF-60;torque_ruedas;;NO DECLARA;SIN VENCIMIENTO;Thu Dec 31;si;"Coquimbo, 29 de marzo de 2026 | CERTIFICADO DE TORQUE | Pillado y Compañía Limitada, Rut 77.316.540-8, certifica que el siguiente vehículo"
TRDP-96;analisis_gases;;NO DECLARA;SIN VENCIMIENTO;Mon Sep 07;si;"i;rDScA | FECHA (!l~~j!l | c.v,1-.01.c.-.1UC111.,.u.f, S""O""-XI"
TRDP-96;cert_cabina;;NO DECLARA;SIN VENCIMIENTO;Thu Dec 31;si;"Volvo Chile SPA. | CERTIFICADO | VOLVO COMMERCIAL VEHICLES AND CONSTRUCCION EQUIPMENT SOUTH"
TRDP-96;factura_compra;;ILEGIBLE;;Thu Dec 31;;"El PDF no tiene texto: es un escaneo. Hay que abrirlo y leerlo a ojo."
TRDP-96;gps;;NO DECLARA;SIN VENCIMIENTO;Thu Dec 31;si;"Santiago, viernes, 27 de septiembre de 2024 | CERTIFICADO DE INSTALACIÓN | Mediante el presente, TrackTec S.A. RUT: 76.032.475-2, certifica que el cliente:"
TRDP-96;homologacion;;ILEGIBLE;;Thu Dec 31;;"El PDF no tiene texto: es un escaneo. Hay que abrirlo y leerlo a ojo."
TRDP-96;inscripcion_rnvm;;ILEGIBLE;;Thu Dec 31;;"El PDF no tiene texto: es un escaneo. Hay que abrirlo y leerlo a ojo."
TRDP-96;mantencion;;NO DECLARA;SIN VENCIMIENTO;Thu Dec 31;si;"PM CHILE S.P.A. REVISIÓN CERTIFICADA | Cliente Grúa PM Modelo N° de Serie Certificado por PPU | Pillado PM28525 G12408092421 Cristian Pino TRDP96"
TRDP-96;padron;;NO DECLARA;SIN VENCIMIENTO;Thu Dec 31;si;"SERVICIO DE REGISTRO | CIVIL E IDENTIFICACIÓN | REPUBLICA DE CHILE"
TRDP-96;permiso_circulacion;SI;DECLARA;2026-09-30;Wed Sep 30;NO;"LA HIGUERA 2025 MUNICIPALIDAD DE LA AÑO VALIDO HASTA PLACA UNICA → 30/09/2026 TR-DP96-5"
TRDP-96;revision_tecnica;SI;NO DECLARA;SIN VENCIMIENTO;Mon Sep 07;si;"G<DSOA | FECHA | C.W4h0 A 0,,U-CMIU U6 smo N lO ~--~"
TRDP-96;seguro_rc;;NO DECLARA;SIN VENCIMIENTO;Sun Aug 27;si;"PÓLIZA | Ramo : VEHICULOS COMERCIALES Esta entidad aseguradora, en consideración a la | Propuesta presentada por el asegurado, y a las : 8783721-1 Póliza N°"
TRDP-96;soap;SI;NO DECLARA;SIN VENCIMIENTO;Wed Sep 30;si;"IMPORTANTE INFORMACION SOBRE ESTE SEGURO COBERTURA : El SOAP cubre la muerte, En el caso de incapacidad permanente parcial, los pagos por gastos médicos sumados"
TRDP-97;aire_acondicionado;;ILEGIBLE;;Sat Jun 12;;"El PDF no tiene texto: es un escaneo. Hay que abrirlo y leerlo a ojo."
TRDP-97;analisis_gases;;ILEGIBLE;;Fri Feb 26;;"El PDF no tiene texto: es un escaneo. Hay que abrirlo y leerlo a ojo."
TRDP-97;ausencia_falla_ecm;;NO DECLARA;SIN VENCIMIENTO;Thu Dec 31;si;"Coquimbo, 30 de marzo de 2026 | CERTIFICADO DE AUSENCIA DE CODIGOS DE | FALLA DEL ECM DEL CAMION."
TRDP-97;cert_cabina;;NO DECLARA;SIN VENCIMIENTO;Thu Dec 31;si;"Volvo Chile SPA. | CERTIFICADO | VOLVO COMMERCIAL VEHICLES AND CONSTRUCCION EQUIPMENT SOUTH"
TRDP-97;factura_compra;;ILEGIBLE;;Thu Dec 31;;"El PDF no tiene texto: es un escaneo. Hay que abrirlo y leerlo a ojo."
TRDP-97;gps;;NO DECLARA;SIN VENCIMIENTO;Thu Dec 31;si;"01 de julio del 2026 | CERTIFICADO DE SERVICIO GPS | Mediante el presente, se certifica que el cliente Pillado y Compañía Limitada RUT"
TRDP-97;hermeticidad;;NO DECLARA;SIN VENCIMIENTO;Tue Sep 02;si;"Informe Nº : HID-135-2024 | CERTIFICADO DE HERMETICIDAD OT Nº : 2001 | Nº Registro : CE268 Y PRUEBA HIDROESTATICA"
TRDP-97;homologacion;;ILEGIBLE;;Thu Dec 31;;"El PDF no tiene texto: es un escaneo. Hay que abrirlo y leerlo a ojo."
TRDP-97;inscripcion_rnvm;;ILEGIBLE;;Thu Dec 31;;"El PDF no tiene texto: es un escaneo. Hay que abrirlo y leerlo a ojo."
TRDP-97;inventario_neumaticos;;NO DECLARA;SIN VENCIMIENTO;Fri Apr 16;si;"VITACORA DE NEUMATICOS | EQUIPO KILOMETRAJE 20651 | FECHA 16/04/2026 HOROMETRO 1210"
TRDP-97;laminas_seguridad;;NO DECLARA;SIN VENCIMIENTO;Sun Jul 25;si;"CERTIFICADO INSTALACION LAMINA DE SEGURIDAD | EQUIPO : VOLVO | SERIE : E603548"
TRDP-97;mant_hidraulico;;NO DECLARA;SIN VENCIMIENTO;Thu Dec 31;si;"Coquimbo, 26 de marzo de 2026 | CERTIFICADO DE MANTENCION REALIZADA AL | SISTEMA HIDRAULICO DE LA BOMBA"
TRDP-97;mantencion;;ILEGIBLE;;Fri Jul 02;;"El PDF no tiene texto: es un escaneo. Hay que abrirlo y leerlo a ojo."
TRDP-97;operatividad;;ILEGIBLE;;Sat Jun 12;;"El PDF no tiene texto: es un escaneo. Hay que abrirlo y leerlo a ojo."
TRDP-97;otra;SI;ILEGIBLE;;Fri Feb 26;;"El PDF no tiene texto: es un escaneo. Hay que abrirlo y leerlo a ojo."
TRDP-97;padron;;NO DECLARA;SIN VENCIMIENTO;Thu Dec 31;si;"SERVICIO DE REGISTRO | CIVIL E IDENTIFICACIÓN | REPUBLICA DE CHILE"
TRDP-97;permiso_circulacion;SI;DECLARA;2026-09-30;Wed Sep 30;NO;"LA HIGUERA 2025 MUNICIPALIDAD DE LA AÑO VALIDO HASTA PLACA UNICA → 30/09/2026 TR-DP97-3"
TRDP-97;revision_tecnica;SI;ILEGIBLE;;Fri Feb 26;;"El PDF no tiene texto: es un escaneo. Hay que abrirlo y leerlo a ojo."
TRDP-97;seguro_rc;;NO DECLARA;SIN VENCIMIENTO;Sun Aug 27;si;"PÓLIZA | Ramo : VEHICULOS COMERCIALES Esta entidad aseguradora, en consideración a la | Propuesta presentada por el asegurado, y a las : 8783721-1 Póliza N°"
TRDP-97;sist_riego;;NO DECLARA;SIN VENCIMIENTO;Thu Dec 31;si;"Coquimbo, 26 de marzo de 2026 | CERTIFICADO DE FUNCIONAMIENTO DEL | SISTEMA DE REGADIO"
TRDP-97;soap;SI;NO DECLARA;SIN VENCIMIENTO;Wed Sep 30;si;"IMPORTANTE INFORMACION SOBRE ESTE SEGURO COBERTURA : El SOAP cubre la muerte, En el caso de incapacidad permanente parcial, los pagos por gastos médicos sumados"
TRDP-97;tacografo;;NO DECLARA;SIN VENCIMIENTO;Thu Dec 31;si;"Coquimbo, 26 de marzo de 2026 | CERTIFICADO DE FUNCIONAMIENTO DEL | TACOGRAFO"
TRDP-97;torque_ruedas;;ILEGIBLE;;Sat Jun 12;;"El PDF no tiene texto: es un escaneo. Hay que abrirlo y leerlo a ojo."
TRSS-13;analisis_gases;;NO DECLARA;SIN VENCIMIENTO;Mon Nov 02;si;"• | ♦ | GED SpA FECHA"
TRSS-13;cert_cabina;;NO DECLARA;SIN VENCIMIENTO;Thu Dec 31;si;"Santiago, 11 de noviembre de 2024 | CERTIFICADO | SEGURIDAD DE CABINA"
TRSS-13;gps;;ILEGIBLE;;Thu Dec 31;;"El PDF no tiene texto: es un escaneo. Hay que abrirlo y leerlo a ojo."
TRSS-13;inscripcion_rnvm;;ILEGIBLE;;Thu Dec 31;;"El PDF no tiene texto: es un escaneo. Hay que abrirlo y leerlo a ojo."
TRSS-13;mantencion;;NO DECLARA;SIN VENCIMIENTO;Wed May 05;si;"Calama, 05 mayo de 2026 | CERTIFICADO DE MANTENIMIENTO. | Por medio del presente documento se certifica que el equipo que a continuación se"
TRSS-13;operatividad;;NO DECLARA;SIN VENCIMIENTO;Thu Dec 31;si;"Santiago, 11 de noviembre de 2024 | CERTIFICADO | VALIDACIONES ESPECIALES"
TRSS-13;permiso_circulacion;SI;DECLARA;2026-09-30;Wed Sep 30;NO;"LA HIGUERA 2025 MUNICIPALIDAD DE LA AÑO VALIDO HASTA PLACA UNICA → 30/09/2026 TR-SS13-1"
TRSS-13;revision_tecnica;SI;NO DECLARA;SIN VENCIMIENTO;Mon Nov 02;si;"• GED SpA | k FECHA 446, SITIO N 30 CAMINO A CHIU-CHIU | 02 MAYO 2026"
TRSS-13;seguro_rc;;NO DECLARA;SIN VENCIMIENTO;Thu Dec 31;si;"PERMANENTEMENTE AL VEHÍCULO"
TRSS-13;soap;SI;NO DECLARA;SIN VENCIMIENTO;Wed Sep 30;si;"IMPORTANTE INFORMACION SOBRE ESTE SEGURO COBERTURA : El SOAP cubre la muerte, En el caso de incapacidad permanente parcial, los pagos por gastos médicos sumados"
TRSS-13;torque_ruedas;;ILEGIBLE;;Thu Dec 31;;"El PDF no tiene texto: es un escaneo. Hay que abrirlo y leerlo a ojo."
TRSS-14;factura_compra;;ILEGIBLE;;Thu Dec 31;;"El PDF no tiene texto: es un escaneo. Hay que abrirlo y leerlo a ojo."
TRSS-14;ficha_tecnica;;NO DECLARA;SIN VENCIMIENTO;Thu Dec 31;si;"P 450 B 6x4 HZ | IMAGEN REFERENCIAL | MOTOR"
TRSS-14;gps;;NO DECLARA;SIN VENCIMIENTO;Thu Dec 31;si;"Santiago, martes, 19 de noviembre de 2024 | CERTIFICADO DE INSTALACIÓN | Mediante el presente, TrackTec S.A. RUT: 76.032.475-2, certifica que el cliente:"
TRSS-14;inscripcion_rnvm;;ILEGIBLE;;Thu Dec 31;;"El PDF no tiene texto: es un escaneo. Hay que abrirlo y leerlo a ojo."
TRSS-14;inventario_neumaticos;;NO DECLARA;SIN VENCIMIENTO;Thu Dec 31;si;"Santiago, diciembre 3 de 2024 | CERTIFICADO | VALIDACIONES ESPECIALES"
TRSS-14;mantencion;;NO DECLARA;SIN VENCIMIENTO;Thu Dec 31;si;"25-11-2024 | CERTIFICADO DE | MANTENIMIENTO SCANIA"
TRSS-14;operatividad;;NO DECLARA;SIN VENCIMIENTO;Thu Dec 31;si;"25-11-2024 | CERTIFICADO DE | OPERATIVIDAD SCANIA"
TRSS-14;permiso_circulacion;SI;DECLARA;2026-09-30;Wed Sep 30;NO;"LA HIGUERA 2025 MUNICIPALIDAD DE LA AÑO VALIDO HASTA PLACA UNICA → 30/09/2026 TR-SS14-K"
TRSS-14;revision_tecnica;SI;NO DECLARA;SIN VENCIMIENTO;Thu Feb 11;si;",re~ | ·•~10101' | l""UCA f'AlCNTE"
TRSS-14;seguro_rc;;NO DECLARA;SIN VENCIMIENTO;Sun Aug 27;si;"PÓLIZA | Ramo : VEHICULOS COMERCIALES Esta entidad aseguradora, en consideración a la | Propuesta presentada por el asegurado, y a las : 8783721-1 Póliza N°"
TRSS-14;soap;SI;NO DECLARA;SIN VENCIMIENTO;Wed Sep 30;si;"IMPORTANTE INFORMACION SOBRE ESTE SEGURO COBERTURA : El SOAP cubre la muerte, En el caso de incapacidad permanente parcial, los pagos por gastos médicos sumados"
TRSS-14;torque_ruedas;;ILEGIBLE;;Thu Dec 31;;"El PDF no tiene texto: es un escaneo. Hay que abrirlo y leerlo a ojo."
TRSS-15;analisis_gases;;ILEGIBLE;;Mon Feb 22;;"El PDF no tiene texto: es un escaneo. Hay que abrirlo y leerlo a ojo."
TRSS-15;cert_cabina;;NO DECLARA;SIN VENCIMIENTO;Thu Dec 31;si;"Santiago, 11 de noviembre de 2024 | CERTIFICADO | SEGURIDAD DE CABINA"
TRSS-15;factura_compra;;ILEGIBLE;;Thu Dec 31;;"El PDF no tiene texto: es un escaneo. Hay que abrirlo y leerlo a ojo."
TRSS-15;gps;;ILEGIBLE;;Thu Dec 31;;"El PDF no tiene texto: es un escaneo. Hay que abrirlo y leerlo a ojo."
TRSS-15;inscripcion_rnvm;;ILEGIBLE;;Thu Dec 31;;"El PDF no tiene texto: es un escaneo. Hay que abrirlo y leerlo a ojo."
TRSS-15;mantencion;;NO DECLARA;SIN VENCIMIENTO;Thu Dec 31;si;"11-11-2024 | CERTIFICADO DE | MANTENIMIENTO SCANIA"
TRSS-15;operatividad;;NO DECLARA;SIN VENCIMIENTO;Thu Dec 31;si;"Santiago, 11 de noviembre de 2024 | CERTIFICADO | VALIDACIONES ESPECIALES"
TRSS-15;permiso_circulacion;SI;DECLARA;2026-09-30;Wed Sep 30;NO;"LA HIGUERA 2025 MUNICIPALIDAD DE LA AÑO VALIDO HASTA PLACA UNICA → 30/09/2026 TR-SS15-8"
TRSS-15;seguro_rc;;NO DECLARA;SIN VENCIMIENTO;Thu Dec 31;si;"PERMANENTEMENTE AL VEHÍCULO"
TRSS-15;soap;SI;NO DECLARA;SIN VENCIMIENTO;Wed Sep 30;si;"IMPORTANTE INFORMACION SOBRE ESTE SEGURO COBERTURA : El SOAP cubre la muerte, En el caso de incapacidad permanente parcial, los pagos por gastos médicos sumados"
TRSS-15;torque_ruedas;;ILEGIBLE;;Thu Dec 31;;"El PDF no tiene texto: es un escaneo. Hay que abrirlo y leerlo a ojo."
TRSS-16;aire_acondicionado;;NO DECLARA;SIN VENCIMIENTO;Fri Dec 31;si;"PILLAD0 | EMPRESAS Coquimbo, 28 de octubre de 2025 | CERTIFICADO DE MANTENCION DE AIRE"
TRSS-16;analisis_gases;;NO DECLARA;SIN VENCIMIENTO;Sat Nov 07;si;"GEO SpA FECHA | CAMINO A CHIU-CHIU 446, SITIO N 30 08 MAYO 2026 | PLANTA AB0 PLACA PATENTE 221"
TRSS-16;ausencia_falla_ecm;;NO DECLARA;SIN VENCIMIENTO;Fri Dec 31;si;"PILLAD0 | Coquimbo, 28 de octubre de 2025 EMPRESAS | CERTIFICADO DE AUSENCIA DE CODIGOS DE"
TRSS-16;cert_cabina;;NO DECLARA;SIN VENCIMIENTO;Thu Dec 31;si;"Santiago, 11 de noviembre de 2024 | CERTIFICADO | SEGURIDAD DE CABINA"
TRSS-16;cert_gancho;;DECLARA;2027-02-12;Fri Feb 12;NO;"Fecha Vencimiento : 12/02/2027"
TRSS-16;factura_compra;;ILEGIBLE;;Thu Dec 31;;"El PDF no tiene texto: es un escaneo. Hay que abrirlo y leerlo a ojo."
TRSS-16;gps;;NO DECLARA;SIN VENCIMIENTO;Thu Dec 31;si;"03 de febrero del 2026 | CERTIFICADO DE SERVICIO GPS | Mediante el presente, se certifica que el cliente Pillado y Compañía Limitada RUT"
TRSS-16;inscripcion_rnvm;;ILEGIBLE;;Thu Dec 31;;"El PDF no tiene texto: es un escaneo. Hay que abrirlo y leerlo a ojo."
TRSS-16;inventario_neumaticos;;NO DECLARA;SIN VENCIMIENTO;Fri Apr 23;si;"VITACORA DE NEUMATICOS | EQUIPO Camion pluma KILOMETRAJE 15802 | FECHA 23/04/2026 HOROMETRO 634"
TRSS-16;mant_hidraulico;;NO DECLARA;SIN VENCIMIENTO;Thu Dec 31;si;"Coquimbo, 23 de abril de 2026 | CERTIFICADO DE MANTENCION REALIZADA AL | SISTEMA HIDRAULICO DE LA PLUMA"
TRSS-16;mantencion;;NO DECLARA;SIN VENCIMIENTO;Sat Nov 20;si;"PM CHILE S.P.A. REVISIÓN CERTIFICADA | Cliente Grúa PM Modelo N° de Serie Certificado por PPU | Pillados PM28525 G12408082419 Cristian Pino TRSS16"
TRSS-16;operatividad;;NO DECLARA;SIN VENCIMIENTO;Fri Dec 31;si;"PILLAD0 | Coquimbo, 29 de octubre de 2025 EMPRESSAS | CERTIFICADODE OPERATIVIDAD DEL EQUIPO"
TRSS-16;permiso_circulacion;SI;DECLARA;2026-09-30;Wed Sep 30;NO;"LA HIGUERA 2025 MUNICIPALIDAD DE LA AÑO VALIDO HASTA PLACA UNICA → 30/09/2026 TR-SS16-6"
TRSS-16;revision_tecnica;SI;NO DECLARA;SIN VENCIMIENTO;Sat Nov 07;si;"GED SpA | FECHA | CAMINO A CHIU-CHIU 446, SITIO N 30"
TRSS-16;seguro_rc;;NO DECLARA;SIN VENCIMIENTO;Thu Dec 31;si;"PERMANENTEMENTE AL VEHÍCULO"
TRSS-16;soap;SI;NO DECLARA;SIN VENCIMIENTO;Wed Sep 30;si;"IMPORTANTE INFORMACION SOBRE ESTE SEGURO COBERTURA : El SOAP cubre la muerte, En el caso de incapacidad permanente parcial, los pagos por gastos médicos sumados"
TRSS-16;tacografo;;NO DECLARA;SIN VENCIMIENTO;Thu Dec 31;si;"Coquimbo, 23 de abril de 2026 | CERTIFICADO DE FUNCIONAMIENTO DEL | TACOGRAFO"
TRSS-16;torque_ruedas;;NO DECLARA;SIN VENCIMIENTO;Fri Dec 31;si;"PILLADO0 | EMPRESAS | Coquimbo, 27 de octubre de 2025"
TRST-57;analisis_gases;;NO DECLARA;SIN VENCIMIENTO;Thu Nov 26;si;". . -, | GEDSpA FECHA | CAMINO A CHIU-CHIU 446, SITIO N 30 26 MAYO 2026"
TRST-57;cert_cabina;;NO DECLARA;SIN VENCIMIENTO;Thu Dec 31;si;"Santiago, 27 de noviembre de 2024 | CERTIFICADO | SEGURIDAD DE CABINA"
TRST-57;factura_compra;;ILEGIBLE;;Thu Dec 31;;"El PDF no tiene texto: es un escaneo. Hay que abrirlo y leerlo a ojo."
TRST-57;gps;;NO DECLARA;SIN VENCIMIENTO;Thu Dec 31;si;"23 de diciembre del 2024 | CERTIFICADO DE SERVICIO GPS | Mediante el presente, se certifica que el cliente Pillado y Compañía Limitada RUT"
TRST-57;hermeticidad;SI;ILEGIBLE;;Fri Nov 05;;"El PDF no tiene texto: es un escaneo. Hay que abrirlo y leerlo a ojo."
TRST-57;inscripcion_rnvm;;ILEGIBLE;;Thu Dec 31;;"El PDF no tiene texto: es un escaneo. Hay que abrirlo y leerlo a ojo."
TRST-57;inscripcion_sec;;NO DECLARA;SIN VENCIMIENTO;Thu Dec 31;si;"PAGINA 1 de 2 | Comprobante de Declaración de Camión Tanque de Transporte de | Combustibles Líquidos."
TRST-57;inventario_neumaticos;;NO DECLARA;SIN VENCIMIENTO;Thu Dec 31;si;"Santiago, diciembre 17 de 2024 | CERTIFICADO | VALIDACIONES ESPECIALES"
TRST-57;laminas_seguridad;;NO DECLARA;SIN VENCIMIENTO;Thu Dec 31;si;"VENTA E INSTALACIÓN DE CRISTALES | AUTOMOTRICES Y MAQUINARIAS PESADA | CERTIFICADO DE LAMINA DE SEGURIDAD"
TRST-57;mant_hidraulico;;NO DECLARA;SIN VENCIMIENTO;Thu Dec 31;si;"EQUIPO CAMION TRANSPORTE DE COMBUSTIBLE | LIQUIDO DE 20 m 3 | PREPARADO POR:"
TRST-57;mantencion;;NO DECLARA;SIN VENCIMIENTO;Thu Dec 31;si;"Pauta Mantención | Pauta de Mantenimiento Preventivo | S S M S S L"
TRST-57;operatividad;;NO DECLARA;SIN VENCIMIENTO;Thu Dec 31;si;"23-12-2024 | CERTIFICADO DE | OPERATIVIDAD SCANIA"
TRST-57;permiso_circulacion;SI;DECLARA;2026-09-30;Wed Sep 30;NO;"LA HIGUERA 2025 MUNICIPALIDAD DE LA AÑO VALIDO HASTA PLACA UNICA → 30/09/2026 TR-ST57-K"
TRST-57;revision_tecnica;SI;NO DECLARA;SIN VENCIMIENTO;Thu Nov 26;si;"GED SpA | FECHA | ~AMINO A CHIU-CHIU 446, SITIO N 30 26 MAYO 2026"
TRST-57;seguro_rc;;NO DECLARA;SIN VENCIMIENTO;Sun Aug 27;si;"PÓLIZA | Ramo : VEHICULOS COMERCIALES Esta entidad aseguradora, en consideración a la | Propuesta presentada por el asegurado, y a las : 8783721-1 Póliza N°"
TRST-57;soap;SI;NO DECLARA;SIN VENCIMIENTO;Wed Sep 30;si;"IMPORTANTE INFORMACION SOBRE ESTE SEGURO COBERTURA : El SOAP cubre la muerte, En el caso de incapacidad permanente parcial, los pagos por gastos médicos sumados"
TRST-57;tc8_sec;SI;ILEGIBLE;;Thu Dec 31;;"El PDF no tiene texto: es un escaneo. Hay que abrirlo y leerlo a ojo."
TRST-57;torque_ruedas;;ILEGIBLE;;Thu Dec 31;;"El PDF no tiene texto: es un escaneo. Hay que abrirlo y leerlo a ojo."
TRST-58;analisis_gases;;NO DECLARA;SIN VENCIMIENTO;Sun Sep 27;si;"GED Sp~ FECHA | CAMINO A CHIU-CHIU 446, SITIO N 30 27 MARZO 2026 | PLACA PATENTE"
TRST-58;factura_compra;;ILEGIBLE;;Thu Dec 31;;"El PDF no tiene texto: es un escaneo. Hay que abrirlo y leerlo a ojo."
TRST-58;gps;;NO DECLARA;SIN VENCIMIENTO;Thu Dec 31;si;"27 de noviembre del 2024 | CERTIFICADO DE SERVICIO GPS | Mediante el presente, se certifica que el cliente Pillado y Compañía Limitada RUT"
TRST-58;hermeticidad;;NO DECLARA;SIN VENCIMIENTO;Thu Oct 09;si;"Informe Nº : HID-150-2024 | CERTIFICADO DE HERMETICIDAD OT Nº : 1824 | Nº Registro : CE278 Y PRUEBA HIDROESTATICA"
TRST-58;inscripcion_rnvm;;ILEGIBLE;;Thu Dec 31;;"El PDF no tiene texto: es un escaneo. Hay que abrirlo y leerlo a ojo."
TRST-58;laminas_seguridad;;NO DECLARA;SIN VENCIMIENTO;Thu Dec 31;si;"CERTIFICADO LAMINADO DE SEGURIDAD | 2025-18690 | Solicitante : SCANIA CHILE S.A."
TRST-58;mant_hidraulico;;NO DECLARA;SIN VENCIMIENTO;Thu Dec 31;si;"3 | MANUAL DE OPERACIÓN TANQUE 20 M | ALJIBE CON PRESURIZADO HIDRAULICO FABRICADO POR"
TRST-58;mantencion;;NO DECLARA;SIN VENCIMIENTO;Sat Mar 27;si;"Calama, 27 Marzo de 2026 | CERTIFICADO DE MANTENIMIENTO. | Por medio del presente documento se certifica que el equipo que a continuación se"
TRST-58;operatividad;;NO DECLARA;SIN VENCIMIENTO;Thu Dec 31;si;"25-11-2024 | CERTIFICADO DE | OPERATIVIDAD SCANIA"
TRST-58;permiso_circulacion;SI;DECLARA;2026-09-30;Wed Sep 30;NO;"LA HIGUERA 2025 MUNICIPALIDAD DE LA AÑO VALIDO HASTA PLACA UNICA → 30/09/2026 TR-ST58-8"
TRST-58;revision_tecnica;SI;NO DECLARA;SIN VENCIMIENTO;Sun Sep 27;si;"'. | ' | GED SpA"
TRST-58;seguro_rc;;NO DECLARA;SIN VENCIMIENTO;Sun Aug 27;si;"PÓLIZA | Ramo : VEHICULOS COMERCIALES Esta entidad aseguradora, en consideración a la | Propuesta presentada por el asegurado, y a las : 8783721-1 Póliza N°"
TRST-58;soap;SI;NO DECLARA;SIN VENCIMIENTO;Wed Sep 30;si;"IMPORTANTE INFORMACION SOBRE ESTE SEGURO COBERTURA : El SOAP cubre la muerte, En el caso de incapacidad permanente parcial, los pagos por gastos médicos sumados"
TRST-58;torque_ruedas;;ILEGIBLE;;Thu Dec 31;;"El PDF no tiene texto: es un escaneo. Hay que abrirlo y leerlo a ojo."
TSTB-48;factura_compra;;ILEGIBLE;;Thu Dec 31;;"El PDF no tiene texto: es un escaneo. Hay que abrirlo y leerlo a ojo."
TSTB-48;homologacion;;ILEGIBLE;;Thu Dec 31;;"El PDF no tiene texto: es un escaneo. Hay que abrirlo y leerlo a ojo."
TSTB-48;inscripcion_rnvm;;ILEGIBLE;;Thu Dec 31;;"El PDF no tiene texto: es un escaneo. Hay que abrirlo y leerlo a ojo."
TSTB-48;mantencion;;ILEGIBLE;;Thu Dec 31;;"El PDF no tiene texto: es un escaneo. Hay que abrirlo y leerlo a ojo."
TSTB-48;permiso_circulacion;SI;DECLARA;2027-03-31;Wed Mar 31;NO;"LA HIGUERA 2026 MUNICIPALIDAD DE LA AÑO VALIDO HASTA PLACA UNICA → 31/03/2027 TS-TB48-1"
TSTB-48;seguro_rc;;NO DECLARA;SIN VENCIMIENTO;Sun Aug 27;si;"PÓLIZA | Ramo : VEHICULOS COMERCIALES Esta entidad aseguradora, en consideración a la | Propuesta presentada por el asegurado, y a las : 8783718-1 Póliza N°"
TSTB-48;soap;SI;NO DECLARA;SIN VENCIMIENTO;Wed Mar 31;si;"IMPORTANTE: INFORMACION SOBRE ESTE SEGURO En el caso de incapacidad permanente parcial, los pagos por gastos médicos sumados a la indemnización que"
TTPC-47;analisis_gases;;ILEGIBLE;;Sun Jan 10;;"El PDF no tiene texto: es un escaneo. Hay que abrirlo y leerlo a ojo."
TTPC-47;cert_cabina;;NO DECLARA;SIN VENCIMIENTO;Thu Dec 31;si;"Santiago, 05 de noviembre de 2025 | CERTIFICADO | VALIDACIONES ESPECIALES"
TTPC-47;gps;;NO DECLARA;SIN VENCIMIENTO;Thu Dec 31;si;"27 de noviembre del 2024 | CERTIFICADO DE SERVICIO GPS | Mediante el presente, se certifica que el cliente Pillado y Compañía Limitada RUT"
TTPC-47;inscripcion_rnvm;;ILEGIBLE;;Thu Dec 31;;"El PDF no tiene texto: es un escaneo. Hay que abrirlo y leerlo a ojo."
TTPC-47;laminas_seguridad;;ILEGIBLE;;Thu Dec 31;;"El PDF no tiene texto: es un escaneo. Hay que abrirlo y leerlo a ojo."
TTPC-47;mantencion;;ILEGIBLE;;Thu Dec 31;;"El PDF no tiene texto: es un escaneo. Hay que abrirlo y leerlo a ojo."
TTPC-47;operatividad;;NO DECLARA;SIN VENCIMIENTO;Tue Jul 13;si;"Código de verificación | 445626cb-379a-4c05-b7e5-e42a78059759 | 13 de julio del 2026"
TTPC-47;otra;;ILEGIBLE;;Sun Jan 10;;"El PDF no tiene texto: es un escaneo. Hay que abrirlo y leerlo a ojo."
TTPC-47;permiso_circulacion;SI;DECLARA;2026-09-30;Wed Sep 30;NO;"LA HIGUERA 2025 MUNICIPALIDAD DE LA AÑO VALIDO HASTA PLACA UNICA → 30/09/2026 TT-PC47-2"
TTPC-47;revision_tecnica;SI;ILEGIBLE;;Sun Jan 10;;"El PDF no tiene texto: es un escaneo. Hay que abrirlo y leerlo a ojo."
TTPC-47;seguro_rc;;NO DECLARA;SIN VENCIMIENTO;Sun Aug 27;si;"PÓLIZA | Ramo : VEHICULOS COMERCIALES Esta entidad aseguradora, en consideración a la | Propuesta presentada por el asegurado, y a las : 8783721-1 Póliza N°"
TTPC-47;soap;SI;NO DECLARA;SIN VENCIMIENTO;Wed Sep 30;si;"IMPORTANTE INFORMACION SOBRE ESTE SEGURO COBERTURA : El SOAP cubre la muerte, En el caso de incapacidad permanente parcial, los pagos por gastos médicos sumados"
TTPC-47;torque_ruedas;;ILEGIBLE;;Thu Dec 31;;"El PDF no tiene texto: es un escaneo. Hay que abrirlo y leerlo a ojo."
VRST-19;barra_antivuelco;;NO DECLARA;SIN VENCIMIENTO;Thu Dec 31;si;"LSFAM11A0TA042861"
VRST-19;laminas_seguridad;;NO DECLARA;SIN VENCIMIENTO;Thu Dec 31;si;"VENTA E INSTALACIÓN DE CRISTALES | AUTOMOTRICES Y MAQUINARIAS PESADA | CERTIFICADO DE LAMINA DE SEGURIDAD"
VRST-19;mantencion;;NO DECLARA;SIN VENCIMIENTO;Fri Dec 31;si;"Coquimbo, 30 enero 2026 | CERTIFICADO DE MANTENCIÓN | Por medio del presente documento se certifica que el equipo que a continuación se"
VRST-19;permiso_circulacion;SI;DECLARA;2027-03-31;Wed Mar 31;NO;"LA HIGUERA 2026 MUNICIPALIDAD DE LA AÑO VALIDO HASTA PLACA UNICA → 31/03/2027 VR-ST19-0"
VRST-19;seguro_rc;;NO DECLARA;SIN VENCIMIENTO;Sun Aug 27;si;"PÓLIZA | Ramo : VEHICULOS COMERCIALES Esta entidad aseguradora, en consideración a la | Propuesta presentada por el asegurado, y a las : 8783718-1 Póliza N°"