patente;tipo;bloqueante;veredicto;dice_el_papel;dice_el_sistema;contraste;regla;evidencia
DCHD-83;hermeticidad;SI;DECLARA;2026-07-27;2026-07-27;coincide;linea_lo_dice;"Fecha de vencimiento lunes, 27 de julio de 2026"
DCHD-83;permiso_circulacion;SI;DECLARA;2026-09-30;2026-09-30;coincide;etiqueta_y_fila;"LA HIGUERA 2025 MUNICIPALIDAD DE LA AÑO VALIDO HASTA PLACA UNICA → 30/09/2026 DC-HD83-5"
DCHD-83;revision_tecnica;SI;ILEGIBLE;;2026-11-28;sin_dictamen;;"Escaneo sin texto. Se extrajo la página para leerla a ojo."
DCHD-83;soap;SI;DECLARA;2026-09-30;2026-09-30;coincide;cabecera_desde_hasta;"MODELO AÑO RUT RIGE DESDE HASTA 9738411860DCHD83 → Canter 7.5 2011 77316540-8 01/10/2025 30/09/2026"
DCHD-83;tc8_sec;SI;ILEGIBLE;;2030-03-06;sin_dictamen;;"Escaneo sin texto. Se extrajo la página para leerla a ojo."
DJKL-18;hermeticidad;SI;ILEGIBLE;;2026-06-29;sin_dictamen;;"Escaneo sin texto. Se extrajo la página para leerla a ojo."
DJKL-18;permiso_circulacion;SI;DECLARA;2026-09-30;2026-09-30;coincide;etiqueta_y_fila;"LA HIGUERA 2025 MUNICIPALIDAD DE LA AÑO VALIDO HASTA PLACA UNICA → 30/09/2026 DJ-KL18-7"
DJKL-18;revision_tecnica;SI;ILEGIBLE;;2026-12-30;sin_dictamen;;"Escaneo sin texto y sin imagen recuperable del PDF."
DJKL-18;soap;SI;DECLARA;2026-09-30;2026-09-30;coincide;cabecera_desde_hasta;"MODELO AÑO RUT RIGE DESDE HASTA 9738536092DJKL18 → Actros 3341 2012 77316540-8 01/10/2025 30/09/2026"
DJKL-18;tc8_sec;SI;ILEGIBLE;;2026-12-31;sin_dictamen;;"Escaneo sin texto. Se extrajo la página para leerla a ojo."
EST-MP-001;seremi;SI;ERROR;;2026-04-15;sin_dictamen;;"Failed to parse URL from /certificaciones/demo/seremi_est_mp_001.pdf"
EST-PE-001;sec;SI;ERROR;;2026-03-01;sin_dictamen;;"Failed to parse URL from /certificaciones/demo/sec_est_pe_001.pdf"
FJTJ-60;hermeticidad;SI;ILEGIBLE;;2026-04-01;sin_dictamen;;"Escaneo sin texto. Se extrajo la página para leerla a ojo."
FJTJ-60;permiso_circulacion;SI;DECLARA;2026-09-30;2026-09-30;coincide;etiqueta_y_fila;"LA HIGUERA 2025 MUNICIPALIDAD DE LA AÑO VALIDO HASTA PLACA UNICA → 30/09/2026 FJ-TJ60-7"
FJTJ-60;revision_tecnica;SI;ILEGIBLE;;2027-02-03;sin_dictamen;;"El archivo es una imagen JPG, no un PDF. Hay que leerla a ojo."
FJTJ-60;soap;SI;DECLARA;2026-09-30;2026-09-30;coincide;cabecera_desde_hasta;"MODELO AÑO RUT RIGE DESDE HASTA 9738760701FJTJ60 → Atego 1624A 4x4 2013 77316540-8 01/10/2025 30/09/2026"
FJTJ-60;tc8_sec;SI;ILEGIBLE;;2030-03-06;sin_dictamen;;"Escaneo sin texto. Se extrajo la página para leerla a ojo."
FJTJ-61;permiso_circulacion;SI;DECLARA;2026-09-30;2026-09-30;coincide;etiqueta_y_fila;"LA HIGUERA 2025 MUNICIPALIDAD DE LA AÑO VALIDO HASTA PLACA UNICA → 30/09/2026 FJ-TJ61-5"
FJTJ-61;revision_tecnica;SI;ILEGIBLE;;2027-01-09;sin_dictamen;;"El archivo es una imagen PNG, no un PDF. Hay que leerla a ojo."
FJTJ-61;soap;SI;DECLARA;2026-09-30;2026-09-30;coincide;cabecera_desde_hasta;"MODELO AÑO RUT RIGE DESDE HASTA 9738313031FJTJ61 → Atego 1624A 4x4 2013 77316540-8 01/10/2025 30/09/2026"
FSLZ-67;hermeticidad;SI;ILEGIBLE;;2026-09-25;sin_dictamen;;"Escaneo sin texto. Se extrajo la página para leerla a ojo."
FSLZ-67;permiso_circulacion;SI;DECLARA;2026-09-30;2026-09-30;coincide;etiqueta_y_fila;"LA HIGUERA 2025 MUNICIPALIDAD DE LA AÑO VALIDO HASTA PLACA UNICA → 30/09/2026 FS-LZ67-6"
FSLZ-67;revision_tecnica;SI;ILEGIBLE;;2026-12-26;sin_dictamen;;"El archivo es una imagen PNG, no un PDF. Hay que leerla a ojo."
FSLZ-67;soap;SI;DECLARA;2026-09-30;2026-09-30;coincide;cabecera_desde_hasta;"MODELO AÑO RUT RIGE DESDE HASTA 9738621018FSLZ67 → Actros 3341 2013 77316540-8 01/10/2025 30/09/2026"
FSLZ-67;tc8_sec;SI;ILEGIBLE;;2028-12-31;sin_dictamen;;"Escaneo sin texto. Se extrajo la página para leerla a ojo."
GCHT-12;permiso_circulacion;SI;DECLARA;2026-09-30;2026-09-30;coincide;etiqueta_y_fila;"LA HIGUERA 2025 MUNICIPALIDAD DE LA AÑO VALIDO HASTA PLACA UNICA → 30/09/2026 GC-HT12-K"
GCHT-12;revision_tecnica;SI;ILEGIBLE;;2026-08-19;sin_dictamen;;"Escaneo sin texto y sin imagen recuperable del PDF."
GCHT-12;soap;SI;DECLARA;2026-09-30;2026-09-30;coincide;cabecera_desde_hasta;"MODELO AÑO RUT RIGE DESDE HASTA 9738575677GCHT12 → GU813E Mec 2014 77316540-8 01/10/2025 30/09/2026"
GCSY-66;permiso_circulacion;SI;DECLARA;2026-09-30;2026-09-30;coincide;etiqueta_y_fila;"LA HIGUERA 2025 MUNICIPALIDAD DE LA AÑO VALIDO HASTA PLACA UNICA → 30/09/2026 GC-SY66-9"
GCSY-66;revision_tecnica;SI;ILEGIBLE;;2029-05-29;sin_dictamen;;"Escaneo sin texto. Se extrajo la página para leerla a ojo."
GCSY-66;soap;SI;DECLARA;2026-09-30;2026-09-30;coincide;cabecera_desde_hasta;"MODELO AÑO RUT RIGE DESDE HASTA 9738315850GCSY66 → 02-7FDA50 2014 77316540-8 01/10/2025 30/09/2026"
GGHB-32;permiso_circulacion;SI;DECLARA;2026-09-30;2026-09-30;coincide;etiqueta_y_fila;"LA HIGUERA 2025 MUNICIPALIDAD DE LA AÑO VALIDO HASTA PLACA UNICA → 30/09/2026 GG-HB32-9"
GGHB-32;revision_tecnica;SI;DECLARA;2026-08-24;2026-08-24;coincide;etiqueta_y_fila;"REVISIÓN TÉCNICA VALIDA HASTA: RESULTADO: FIRMA ELECTRÓNICA AVANZADA → MARCOS BERROCAL ITURRA 24 AGOSTO 2026"
GGHB-32;soap;SI;DECLARA;2026-09-30;2026-09-30;coincide;cabecera_desde_hasta;"MODELO AÑO RUT RIGE DESDE HASTA 9738756015GGHB32 → GU813E Allison 18.000 lbs 2014 77316540-8 01/10/2025 30/09/2026"
HHWB-42;hermeticidad;SI;NO_DECLARA;SIN VENCIMIENTO;2026-08-27;sistema_tiene_fecha_que_el_papel_no_dice;leido_sin_hallazgo;"Se leyeron 85 líneas y no aparece una fecha de vencimiento."
HHWB-42;permiso_circulacion;SI;DECLARA;2026-09-30;2026-09-30;coincide;etiqueta_y_fila;"LA HIGUERA 2025 MUNICIPALIDAD DE LA AÑO VALIDO HASTA PLACA UNICA → 30/09/2026 HH-WB42-4"
HHWB-42;revision_tecnica;SI;ILEGIBLE;;2026-06-03;sin_dictamen;;"Escaneo sin texto y sin imagen recuperable del PDF."
HHWB-42;soap;SI;DECLARA;2026-09-30;2026-09-30;coincide;cabecera_desde_hasta;"MODELO AÑO RUT RIGE DESDE HASTA → 9738765167HHWB42 GU 813 autom 2015 97032000-8 01/10/2025 30/09/2026"
HHWB-44;hermeticidad;SI;NO_DECLARA;SIN VENCIMIENTO;2027-03-29;sistema_tiene_fecha_que_el_papel_no_dice;leido_sin_hallazgo;"Se leyeron 94 líneas y no aparece una fecha de vencimiento."
HHWB-44;permiso_circulacion;SI;DECLARA;2026-09-30;2026-09-30;coincide;etiqueta_y_fila;"LA HIGUERA 2025 MUNICIPALIDAD DE LA AÑO VALIDO HASTA PLACA UNICA → 30/09/2026 HH-WB44-0"
HHWB-44;revision_tecnica;SI;ILEGIBLE;;2026-12-05;sin_dictamen;;"El archivo es una imagen PNG, no un PDF. Hay que leerla a ojo."
HHWB-44;soap;SI;DECLARA;2026-09-30;2026-09-30;coincide;cabecera_desde_hasta;"MODELO AÑO RUT RIGE DESDE HASTA → 9738720527HHWB44 GU 813 autom 2015 77316540-8 01/10/2025 30/09/2026"
HHWB-44;tc8_sec;SI;ILEGIBLE;;2030-10-02;sin_dictamen;;"Escaneo sin texto. Se extrajo la página para leerla a ojo."
HKSR-81;hermeticidad;SI;ILEGIBLE;;2022-03-08;sin_dictamen;;"Escaneo sin texto. Se extrajo la página para leerla a ojo."
HKSR-81;permiso_circulacion;SI;DECLARA;2026-09-30;2026-09-30;coincide;etiqueta_y_fila;"LA HIGUERA 2025 MUNICIPALIDAD DE LA AÑO VALIDO HASTA PLACA UNICA → 30/09/2026 HK-SR81-4"
HKSR-81;revision_tecnica;SI;ILEGIBLE;;2026-06-04;sin_dictamen;;"Escaneo sin texto. Se extrajo la página para leerla a ojo."
HKSR-81;soap;SI;DECLARA;2026-09-30;2026-09-30;coincide;cabecera_desde_hasta;"MODELO AÑO RUT RIGE DESDE HASTA 9738465640HKSR81 → Axor 2633 2016 77316540-8 01/10/2025 30/09/2026"
HKSR-81;tc8_sec;SI;ILEGIBLE;;2030-11-04;sin_dictamen;;"Escaneo sin texto. Se extrajo la página para leerla a ojo."
JDKH-31;permiso_circulacion;SI;DECLARA;2027-03-31;2027-03-31;coincide;etiqueta_y_fila;"LA HIGUERA 2026 MUNICIPALIDAD DE LA AÑO VALIDO HASTA PLACA UNICA → 31/03/2027 JD-KH31-1"
JDKH-31;revision_tecnica;SI;ILEGIBLE;;2026-04-30;sin_dictamen;;"Escaneo sin texto. Se extrajo la página para leerla a ojo."
JDKH-31;soap;SI;DECLARA;2027-03-31;2027-03-31;coincide;rango_en_linea;"MODELO: NP300 DCAB 4X4 2.3 AÑO: 2017 RUT: 77.316.540-8 RIGE DESDE: 09-03-2026 HASTA: 31-03-2027"
JGBY-10;hermeticidad;SI;ILEGIBLE;;2026-06-05;sin_dictamen;;"Escaneo sin texto. Se extrajo la página para leerla a ojo."
JGBY-10;permiso_circulacion;SI;DECLARA;2026-09-30;2026-09-30;coincide;etiqueta_y_fila;"LA HIGUERA 2025 MUNICIPALIDAD DE LA AÑO VALIDO HASTA PLACA UNICA → 30/09/2026 JG-BY10-2"
JGBY-10;revision_tecnica;SI;ILEGIBLE;;2026-12-03;sin_dictamen;;"Escaneo sin texto y sin imagen recuperable del PDF."
JGBY-10;soap;SI;DECLARA;2026-09-30;2026-09-30;coincide;cabecera_desde_hasta;"MODELO AÑO RUT RIGE DESDE HASTA 9738673217JGBY10 → Axor 2633/45 2017 77316540-8 01/10/2025 30/09/2026"
JGBY-10;tc8_sec;SI;ILEGIBLE;;2027-12-31;sin_dictamen;;"Escaneo sin texto y sin imagen recuperable del PDF."
JTYK-88;permiso_circulacion;SI;DECLARA;2026-09-30;2026-09-30;coincide;etiqueta_y_fila;"LA HIGUERA 2025 MUNICIPALIDAD DE LA AÑO VALIDO HASTA PLACA UNICA → 30/09/2026 JT-YK88-2"
JTYK-88;revision_tecnica;SI;ILEGIBLE;;2027-01-08;sin_dictamen;;"El archivo es una imagen PNG, no un PDF. Hay que leerla a ojo."
JTYK-88;soap;SI;DECLARA;2026-09-30;2026-09-30;coincide;cabecera_desde_hasta;"MODELO AÑO RUT RIGE DESDE HASTA 9738554150JTYK88 → Actros 3336 K 2017 97036000-K 01/10/2025 30/09/2026"
KCBY-30;permiso_circulacion;SI;DECLARA;2026-09-30;2026-09-30;coincide;etiqueta_y_fila;"LA HIGUERA 2025 MUNICIPALIDAD DE LA AÑO VALIDO HASTA PLACA UNICA → 30/09/2026 KC-BY30-7"
KCBY-30;revision_tecnica;SI;NO_DECLARA;SIN VENCIMIENTO;2026-06-10;sistema_tiene_fecha_que_el_papel_no_dice;leido_sin_hallazgo;"Se leyeron 30 líneas y no aparece una fecha de vencimiento."
KCBY-30;soap;SI;DECLARA;2026-09-30;2026-09-30;coincide;cabecera_desde_hasta;"MODELO AÑO RUT RIGE DESDE HASTA 9738596209KCBY30 → Actros 3336 K 2017 77316540-8 01/10/2025 30/09/2026"
KCBY-31;permiso_circulacion;SI;DECLARA;2026-09-30;2026-09-30;coincide;etiqueta_y_fila;"LA HIGUERA 2025 MUNICIPALIDAD DE LA AÑO VALIDO HASTA PLACA UNICA → 30/09/2026 KC-BY31-5"
KCBY-31;revision_tecnica;SI;ILEGIBLE;;2026-12-16;sin_dictamen;;"Escaneo sin texto. Se extrajo la página para leerla a ojo."
KCBY-31;soap;SI;DECLARA;2026-09-30;2026-09-30;coincide;cabecera_desde_hasta;"MODELO AÑO RUT RIGE DESDE HASTA 9738499591KCBY31 → Actros 3336 K 2017 77316540-8 01/10/2025 30/09/2026"
KVDK-20;permiso_circulacion;SI;DECLARA;2027-03-31;2027-03-31;coincide;etiqueta_y_fila;"LA HIGUERA 2026 MUNICIPALIDAD DE LA AÑO VALIDO HASTA PLACA UNICA → 31/03/2027 KV-DK20-4"
KVDK-20;revision_tecnica;SI;ILEGIBLE;;2027-02-28;sin_dictamen;;"Escaneo sin texto. Se extrajo la página para leerla a ojo."
KVDK-20;soap;SI;DECLARA;2027-03-31;2027-03-31;coincide;rango_en_linea;"MODELO: NP300 DCAB 4X4 2.3 AÑO: 2019 RUT: 77.316.540-8 RIGE DESDE: 09-03-2026 HASTA: 31-03-2027"
KVDK-21;permiso_circulacion;SI;DECLARA;2027-03-31;2027-03-31;coincide;etiqueta_y_fila;"LA HIGUERA 2026 MUNICIPALIDAD DE LA AÑO VALIDO HASTA PLACA UNICA → 31/03/2027 KV-DK21-2"
KVDK-21;revision_tecnica;SI;DECLARA;2027-04-30;2027-04-30;coincide;etiqueta_y_fila;"FIRMAELECTRÓNICA AVANZADA |VÁLIDO HASTA → ABRIL 2027 |28/04/2026 11:31:51 YS23B266C028601"
KVDK-21;soap;SI;DECLARA;2027-03-31;2027-03-31;coincide;rango_en_linea;"MODELO: NP300 DCAB 4X4 2.3 AÑO: 2019 RUT: 77.316.540-8 RIGE DESDE: 09-03-2026 HASTA: 31-03-2027"
KVWD-27;hermeticidad;SI;DECLARA;2026-07-13;2026-07-13;coincide;linea_lo_dice;"Fecha de vencimiento lunes, 13 de julio de 2026"
KVWD-27;permiso_circulacion;SI;DECLARA;2026-09-30;2026-09-30;coincide;etiqueta_y_fila;"LA HIGUERA 2025 MUNICIPALIDAD DE LA AÑO VALIDO HASTA PLACA UNICA → 30/09/2026 KV-WD27-6"
KVWD-27;revision_tecnica;SI;DECLARA;2026-05-14;2026-05-14;coincide;etiqueta_y_fila;"REVISIÓN TÉCNICA VALIDA HASTA: RESULTADO: FIRMA ELECTRÓNICA AVANZADA → 14 MAYO 2026 14/11/2025 10:31:39"
KVWD-27;soap;SI;DECLARA;2026-09-30;2026-09-30;coincide;cabecera_desde_hasta;"MODELO AÑO RUT RIGE DESDE HASTA → 9738312781KVWD27 Accelo 1016/44 2018 77316540-8 01/10/2025 30/09/2026"
KVWD-27;tc8_sec;SI;ILEGIBLE;;2028-12-31;sin_dictamen;;"Escaneo sin texto y sin imagen recuperable del PDF."
KVWW-68;permiso_circulacion;SI;ILEGIBLE;;2026-09-30;sin_dictamen;;"Escaneo sin texto y sin imagen recuperable del PDF."
KVWW-68;revision_tecnica;SI;ILEGIBLE;;2027-02-11;sin_dictamen;;"Escaneo sin texto y sin imagen recuperable del PDF."
KVWW-68;soap;SI;DECLARA;2026-09-30;2026-09-30;coincide;cabecera_desde_hasta;"ANO RIGE DESDE HASTA MODELO RUT → 30/09/2026 Actros 3336 K 2019 01/10/2025 97036000-K"
KVWW-69;permiso_circulacion;SI;DECLARA;2026-09-30;2026-09-30;coincide;etiqueta_y_fila;"LA HIGUERA 2025 MUNICIPALIDAD DE LA AÑO VALIDO HASTA PLACA UNICA → 30/09/2026 KV-WW69-0"
KVWW-69;revision_tecnica;SI;ILEGIBLE;;2027-02-12;sin_dictamen;;"Escaneo sin texto y sin imagen recuperable del PDF."
KVWW-69;soap;SI;DECLARA;2026-09-30;2026-09-30;coincide;cabecera_desde_hasta;"MODELO AÑO RUT RIGE DESDE HASTA → 9738304574KVWW69 Actros 3336 K 2019 97036000-K 01/10/2025 30/09/2026"
LCSX-78;hermeticidad;SI;ILEGIBLE;;2026-04-01;sin_dictamen;;"Escaneo sin texto. Se extrajo la página para leerla a ojo."
LCSX-78;permiso_circulacion;SI;DECLARA;2026-09-30;2026-09-30;coincide;etiqueta_y_fila;"LA HIGUERA 2025 MUNICIPALIDAD DE LA AÑO VALIDO HASTA PLACA UNICA → 30/09/2026 LC-SX78-K"
LCSX-78;revision_tecnica;SI;ILEGIBLE;;2027-02-26;sin_dictamen;;"Escaneo sin texto y sin imagen recuperable del PDF."
LCSX-78;soap;SI;DECLARA;2026-09-30;2026-09-30;coincide;cabecera_desde_hasta;"MODELO AÑO RUT RIGE DESDE HASTA 9738704605LCSX78 → GR64BX 2019 97036000-K 01/10/2025 30/09/2026"
LCSX-78;tc8_sec;SI;ILEGIBLE;;2030-04-03;sin_dictamen;;"Escaneo sin texto. Se extrajo la página para leerla a ojo."
LKPY-18;permiso_circulacion;SI;DECLARA;2026-09-30;2026-09-30;coincide;etiqueta_y_fila;"LA HIGUERA 2025 MUNICIPALIDAD DE LA AÑO VALIDO HASTA PLACA UNICA → 30/09/2026 LK-PY18-3"
LKPY-18;revision_tecnica;SI;ILEGIBLE;;2026-08-18;sin_dictamen;;"Escaneo sin texto. Se extrajo la página para leerla a ojo."
LKPY-18;soap;SI;DECLARA;2026-09-30;2026-09-30;coincide;cabecera_desde_hasta;"MODELO AÑO RUT RIGE DESDE HASTA 9738538883LKPY18 → GR64BX 2019 97036000-K 01/10/2025 30/09/2026"
LLBP-96;permiso_circulacion;SI;DECLARA;2027-03-31;2027-03-31;coincide;etiqueta_y_fila;"LA HIGUERA 2026 MUNICIPALIDAD DE LA AÑO VALIDO HASTA PLACA UNICA → 31/03/2027 LL-BP96-4"
LLBP-96;revision_tecnica;SI;ILEGIBLE;;2026-09-30;sin_dictamen;;"Escaneo sin texto. Se extrajo la página para leerla a ojo."
LLBP-96;soap;SI;DECLARA;2027-03-31;2027-03-31;coincide;rango_en_linea;"MODELO: HILUX 4X4 2.8 AUT AÑO: 2019 RUT: 77.316.540-8 RIGE DESDE: 09-03-2026 HASTA: 31-03-2027"
RSCY-85;hermeticidad;SI;ILEGIBLE;;sin fecha;sin_dictamen;;"Escaneo sin texto. Se extrajo la página para leerla a ojo."
RSCY-85;permiso_circulacion;SI;DECLARA;2026-09-30;2026-09-30;coincide;etiqueta_y_fila;"LA HIGUERA 2025 MUNICIPALIDAD DE LA AÑO VALIDO HASTA PLACA UNICA → 30/09/2026 RS-CY85-2"
RSCY-85;revision_tecnica;SI;ILEGIBLE;;2027-01-30;sin_dictamen;;"El archivo es una imagen PNG, no un PDF. Hay que leerla a ojo."
RSCY-85;soap;SI;DECLARA;2026-09-30;2026-09-30;coincide;cabecera_desde_hasta;"MODELO AÑO RUT RIGE DESDE HASTA 9738513604RSCY85 → Accelo 1016/44 2022 76307553-2 01/10/2025 30/09/2026"
RSCY-85;tc8_sec;SI;ILEGIBLE;;sin fecha;sin_dictamen;;"Escaneo sin texto. Se extrajo la página para leerla a ojo."
RSCY-86;otra;SI;NO_DECLARA;SIN VENCIMIENTO;2027-01-13;sistema_tiene_fecha_que_el_papel_no_dice;leido_sin_hallazgo;"Se leyeron 514 líneas y no aparece una fecha de vencimiento."
RSCY-86;permiso_circulacion;SI;DECLARA;2026-09-30;2026-09-30;coincide;etiqueta_y_fila;"LA HIGUERA 2025 MUNICIPALIDAD DE LA AÑO VALIDO HASTA PLACA UNICA → 30/09/2026 RS-CY86-0"
RSCY-86;revision_tecnica;SI;ILEGIBLE;;2026-11-08;sin_dictamen;;"Escaneo sin texto y sin imagen recuperable del PDF."
RSCY-86;soap;SI;DECLARA;2026-09-30;2026-09-30;coincide;cabecera_desde_hasta;"MODELO AÑO RUT RIGE DESDE HASTA 9738772683RSCY86 → Accelo 1016/44 2022 76307553-2 01/10/2025 30/09/2026"
RZPC-83;permiso_circulacion;SI;DECLARA;2027-03-31;2027-03-31;coincide;etiqueta_y_fila;"LA HIGUERA 2026 MUNICIPALIDAD DE LA AÑO VALIDO HASTA PLACA UNICA → 31/03/2027 RZ-PC83-4"
RZPC-83;revision_tecnica;SI;ILEGIBLE;;2027-06-30;sin_dictamen;;"Escaneo sin texto. Se extrajo la página para leerla a ojo."
RZPC-83;soap;SI;DECLARA;2027-03-31;2027-03-31;coincide;rango_en_linea;"MODELO: T60 4X4 DX AÑO: 2022 RUT: 77.316.540-8 RIGE DESDE: 09-03-2026 HASTA: 31-03-2027"
SBPG-12;permiso_circulacion;SI;DECLARA;2027-03-31;2027-03-31;coincide;etiqueta_y_fila;"LA HIGUERA 2026 MUNICIPALIDAD DE LA AÑO VALIDO HASTA PLACA UNICA → 31/03/2027 SB-PG12-1"
SBPG-12;revision_tecnica;SI;ILEGIBLE;;2027-05-31;sin_dictamen;;"Escaneo sin texto. Se extrajo la página para leerla a ojo."
SBPG-12;soap;SI;DECLARA;2027-03-31;2027-03-31;coincide;rango_en_linea;"MODELO: NEW HILUX DX 4X4 2.4 AÑO: 2022 RUT: 77.316.540-8 RIGE DESDE: 09-03-2026 HASTA: 31-03-2027"
SLRK-82;permiso_circulacion;SI;DECLARA;2027-03-31;2027-03-31;coincide;etiqueta_y_fila;"LA HIGUERA 2026 MUNICIPALIDAD DE LA AÑO VALIDO HASTA PLACA UNICA → 31/03/2027 SL-RK82-9"
SLRK-82;revision_tecnica;SI;ILEGIBLE;;2027-12-31;sin_dictamen;;"Escaneo sin texto y sin imagen recuperable del PDF."
SLRK-82;soap;SI;DECLARA;2027-03-31;2027-03-31;coincide;rango_en_linea;"MODELO: BERLINGO K9 1.6 AÑO: 2023 RUT: 77.316.540-8 RIGE DESDE: 09-03-2026 HASTA: 31-03-2027"
SPRY-26;permiso_circulacion;SI;DECLARA;2027-03-31;2027-03-31;coincide;etiqueta_y_fila;"LA HIGUERA 2026 MUNICIPALIDAD DE LA AÑO VALIDO HASTA PLACA UNICA → 31/03/2027 SP-RY26-7"
SPRY-26;revision_tecnica;SI;DECLARA;2026-09-30;2026-09-30;coincide;etiqueta_y_fila;"FIRMA ELECTRÓNICA AVANZADA VÁLIDO HASTA → SEPTIEMBRE 2026 22/10/2025 12:20:25 2GDG353588"
SPRY-26;soap;SI;DECLARA;2027-03-31;2027-03-31;coincide;rango_en_linea;"MODELO: HILUX PICKUP 4P 4X4 2.4 AÑO: 2023 RUT: 97.006.000-6 RIGE DESDE: 09-03-2026 HASTA: 31-03-2027"
SPRY-28;permiso_circulacion;SI;DECLARA;2027-03-31;2027-03-31;coincide;etiqueta_y_fila;"LA HIGUERA 2026 MUNICIPALIDAD DE LA AÑO VALIDO HASTA PLACA UNICA → 31/03/2027 SP-RY28-3"
SPRY-28;revision_tecnica;SI;DECLARA;2027-11-30;2027-11-30;coincide;etiqueta_y_fila;"FIRMA ELECTRONICA AVANZADA VALIDO HASTA → NOVIEMBRE 2027 2111112025 12:42:18 2GDG353522"
SPRY-28;soap;SI;DECLARA;2027-03-31;2027-03-31;coincide;rango_en_linea;"MODELO: HILUX PICKUP 4P 4X4 2.4 AÑO: 2023 RUT: 97.006.000-6 RIGE DESDE: 09-03-2026 HASTA: 31-03-2027"
SPRY-29;permiso_circulacion;SI;DECLARA;2027-03-31;2027-03-31;coincide;etiqueta_y_fila;"LA HIGUERA 2026 MUNICIPALIDAD DE LA AÑO VALIDO HASTA PLACA UNICA → 31/03/2027 SP-RY29-1"
SPRY-29;revision_tecnica;SI;DECLARA;2028-01-31;2028-01-31;coincide;etiqueta_y_fila;"FIRMA ELECTRÓNICA AVANZADA VÁLIDO HASTA → ENERO 2028 05/02/2026 I 13:51 :36"
SPRY-29;soap;SI;DECLARA;2027-03-31;2027-03-31;coincide;rango_en_linea;"MODELO: BERLINGO K9 1.6 AÑO: 2023 RUT: 97.006.000-6 RIGE DESDE: 09-03-2026 HASTA: 31-03-2027"
SURT-MP-001;sec;SI;ERROR;;2026-06-15;sin_dictamen;;"Failed to parse URL from /certificaciones/demo/sec_surt_mp_001.pdf"
SURT-MP-002;sec;SI;ERROR;;2026-04-20;sin_dictamen;;"Failed to parse URL from /certificaciones/demo/sec_surt_mp_002.pdf"
SURT-PC-001;seremi;SI;ERROR;;2026-08-20;sin_dictamen;;"Failed to parse URL from /certificaciones/demo/seremi_surt_pc_001.pdf"
SVBJ-55;permiso_circulacion;SI;DECLARA;2026-09-30;2026-09-30;coincide;etiqueta_y_fila;"LA HIGUERA 2025 MUNICIPALIDAD DE LA AÑO VALIDO HASTA PLACA UNICA → 30/09/2026 SV-BJ55-1"
SVBJ-55;revision_tecnica;SI;ILEGIBLE;;2026-06-30;sin_dictamen;;"Escaneo sin texto. Se extrajo la página para leerla a ojo."
SVBJ-55;soap;SI;DECLARA;2026-09-30;2026-09-30;coincide;cabecera_desde_hasta;"MODELO AÑO RUT RIGE DESDE HASTA 9738431456SVBJ55 → VM 350 2023 97036000-K 01/10/2025 30/09/2026"
SVBJ-56;analisis_gases;SI;ILEGIBLE;;2026-12-20;sin_dictamen;;"Escaneo sin texto y sin imagen recuperable del PDF."
SVBJ-56;hermeticidad;SI;ILEGIBLE;;2026-04-15;sin_dictamen;;"Escaneo sin texto. Se extrajo la página para leerla a ojo."
SVBJ-56;permiso_circulacion;SI;DECLARA;2026-09-30;2026-09-30;coincide;etiqueta_y_fila;"LA HIGUERA 2025 MUNICIPALIDAD DE LA AÑO VALIDO HASTA PLACA UNICA → 30/09/2026 SV-BJ56-K"
SVBJ-56;revision_tecnica;SI;ILEGIBLE;;2026-12-20;sin_dictamen;;"Escaneo sin texto y sin imagen recuperable del PDF."
SVBJ-56;soap;SI;DECLARA;2026-09-30;2026-09-30;coincide;cabecera_desde_hasta;"MODELO AÑO RUT RIGE DESDE HASTA 9738721666SVBJ56 → VM 350 2023 97006000-6 01/10/2025 30/09/2026"
SVBJ-56;tc8_sec;SI;ILEGIBLE;;sin fecha;sin_dictamen;;"Escaneo sin texto. Se extrajo la página para leerla a ojo."
SVBJ-57;hermeticidad;SI;DECLARA;2027-08-07;2027-08-07;coincide;linea_lo_dice;"Fecha de vencimiento : 07 de agosto de 2027"
SVBJ-57;otra;SI;NO_DECLARA;SIN VENCIMIENTO;2028-08-20;sistema_tiene_fecha_que_el_papel_no_dice;leido_sin_hallazgo;"Se leyeron 24 líneas y no aparece una fecha de vencimiento."
SVBJ-57;permiso_circulacion;SI;DECLARA;2026-09-30;2026-09-30;coincide;etiqueta_y_fila;"LA HIGUERA 2025 MUNICIPALIDAD DE LA AÑO VALIDO HASTA PLACA UNICA → 30/09/2026 SV-BJ57-8"
SVBJ-57;revision_tecnica;SI;ILEGIBLE;;2026-11-07;sin_dictamen;;"Escaneo sin texto y sin imagen recuperable del PDF."
SVBJ-57;soap;SI;DECLARA;2026-09-30;2026-09-30;coincide;cabecera_desde_hasta;"MODELO AÑO RUT RIGE DESDE HASTA 9738344171SVBJ57 → VM 350 2023 97006000-6 01/10/2025 30/09/2026"
SVBJ-57;tc8_sec;SI;ILEGIBLE;;sin fecha;sin_dictamen;;"Escaneo sin texto. Se extrajo la página para leerla a ojo."
SVCZ-38;permiso_circulacion;SI;DECLARA;2026-09-30;2026-09-30;coincide;etiqueta_y_fila;"LA HIGUERA 2025 MUNICIPALIDAD DE LA AÑO VALIDO HASTA PLACA UNICA → 30/09/2026 SV-CZ38-K"
SVCZ-38;revision_tecnica;SI;DECLARA;2026-11-04;2026-11-04;coincide;etiqueta_y_fila;"REVISIÓN TÉCNICA VALIDA HASTA: RESULTADO: FIRMA ELECTRÓNICA AVANZADA → 04 NOVIEMBRE 2026 04/05/2026 16:50:48"
SVCZ-38;soap;SI;DECLARA;2026-09-30;2026-09-30;coincide;cabecera_desde_hasta;"MODELO AÑO RUT RIGE DESDE HASTA 9738744913SVCZ38 → VM 350 2023 97006000-6 01/10/2025 30/09/2026"
TCJV-15;permiso_circulacion;SI;DECLARA;2026-09-30;2026-09-30;coincide;etiqueta_y_fila;"LA HIGUERA 2025 MUNICIPALIDAD DE LA AÑO VALIDO HASTA PLACA UNICA → 30/09/2026 TC-JV15-2"
TCJV-15;revision_tecnica;SI;NO_ES_UN_DOCUMENTO;;2026-12-12;sin_dictamen;;"El archivo es una planilla o documento de Office, no el certificado escaneado."
TCJV-15;soap;SI;DECLARA;2026-09-30;2026-09-30;coincide;cabecera_desde_hasta;"MODELO AÑO RUT RIGE DESDE HASTA 9738389728TCJV15 → C440 2024 97006000-6 01/10/2025 30/09/2026"
TCJV-15;tc8_sec;SI;ILEGIBLE;;2029-02-01;sin_dictamen;;"Escaneo sin texto y sin imagen recuperable del PDF."
TCRB-71;permiso_circulacion;SI;DECLARA;2027-03-31;2027-03-31;coincide;etiqueta_y_fila;"LA HIGUERA 2026 MUNICIPALIDAD DE LA AÑO VALIDO HASTA PLACA UNICA → 31/03/2027 TC-RB71-0"
TCRB-71;soap;SI;DECLARA;2027-03-31;2027-03-31;coincide;rango_en_linea;"MODELO: 1500 LIMITED 4X4 5.7 AUT AÑO: 2024 RUT: 97.006.000-6 RIGE DESDE: 09-03-2026 HASTA: 31-03-2027"
TGGF-56;permiso_circulacion;SI;DECLARA;2026-09-30;2026-09-30;coincide;etiqueta_y_fila;"LA HIGUERA 2025 MUNICIPALIDAD DE LA AÑO VALIDO HASTA PLACA UNICA → 30/09/2026 TG-GF56-6"
TGGF-56;revision_tecnica;SI;NO_DECLARA;SIN VENCIMIENTO;2026-09-04;sistema_tiene_fecha_que_el_papel_no_dice;leido_sin_hallazgo;"Se leyeron 55 líneas y no aparece una fecha de vencimiento."
TGGF-56;soap;SI;DECLARA;2026-09-30;2026-09-30;coincide;cabecera_desde_hasta;"MODELO AÑO RUT RIGE DESDE HASTA 9738496308TGGF56 → FMX 420 2024 97036000-K 01/10/2025 30/09/2026"
TGGF-57;permiso_circulacion;SI;DECLARA;2026-09-30;2026-09-30;coincide;etiqueta_y_fila;"LA HIGUERA 2025 MUNICIPALIDAD DE LA AÑO VALIDO HASTA PLACA UNICA → 30/09/2026 TG-GF57-4"
TGGF-57;soap;SI;DECLARA;2026-09-30;2026-09-30;coincide;cabecera_desde_hasta;"MODELO AÑO RUT RIGE DESDE HASTA 9738768894TGGF57 → FMX 420 2024 97036000-K 01/10/2025 30/09/2026"
TGGF-58;permiso_circulacion;SI;DECLARA;2026-09-30;2026-09-30;coincide;etiqueta_y_fila;"LA HIGUERA 2025 MUNICIPALIDAD DE LA AÑO VALIDO HASTA PLACA UNICA → 30/09/2026 TG-GF58-2"
TGGF-58;revision_tecnica;SI;ILEGIBLE;;2027-02-12;sin_dictamen;;"Escaneo sin texto. Se extrajo la página para leerla a ojo."
TGGF-58;soap;SI;DECLARA;2026-09-30;2026-09-30;coincide;cabecera_desde_hasta;"MODELO AÑO RUT RIGE DESDE HASTA 9738674062TGGF58 → FMX 420 2024 97036000-K 01/10/2025 30/09/2026"
TGGF-59;permiso_circulacion;SI;DECLARA;2026-09-30;2026-09-30;coincide;etiqueta_y_fila;"LA HIGUERA 2025 MUNICIPALIDAD DE LA AÑO VALIDO HASTA PLACA UNICA → 30/09/2026 TG-GF59-0"
TGGF-59;revision_tecnica;SI;DECLARA;2026-09-19;2026-09-19;coincide;etiqueta_y_fila;"REVISIÓN Tl:CNICA VALIDA HASTA: FIRMA ELECTRÓNICA AVANZADA → 19 SEPTIEMBRE 2026"
TGGF-59;soap;SI;DECLARA;2026-09-30;2026-09-30;coincide;cabecera_desde_hasta;"MODELO AÑO RUT RIGE DESDE HASTA 9738787743TGGF59 → FMX 420 2024 97036000-K 01/10/2025 30/09/2026"
TGGF-60;permiso_circulacion;SI;DECLARA;2026-09-30;2026-09-30;coincide;etiqueta_y_fila;"LA HIGUERA 2025 MUNICIPALIDAD DE LA AÑO VALIDO HASTA PLACA UNICA → 30/09/2026 TG-GF60-4"
TGGF-60;revision_tecnica;SI;DECLARA;2026-09-07;2026-09-07;coincide;etiqueta_y_fila;"FIRMA ElECTRONICA AVANZAD, AEVISION TECNICA VALIDA HASTA: RESULTA~OO; → 07 SEPTIEMBRE 2026 07103/2026 11 28 3"""
TGGF-60;soap;SI;DECLARA;2026-09-30;2026-09-30;coincide;cabecera_desde_hasta;"MODELO AÑO RUT RIGE DESDE HASTA 9738336294TGGF60 → FMX 540 2024 97036000-K 01/10/2025 30/09/2026"
TRDP-96;permiso_circulacion;SI;DECLARA;2026-09-30;2026-09-30;coincide;etiqueta_y_fila;"LA HIGUERA 2025 MUNICIPALIDAD DE LA AÑO VALIDO HASTA PLACA UNICA → 30/09/2026 TR-DP96-5"
TRDP-96;revision_tecnica;SI;DECLARA;2026-09-07;2026-09-07;coincide;etiqueta_y_fila;"IIIIVIIION TtCNtCA VALIDA HASTA: FIRMA ELECTIIIOMCA AVAlf,ZAO, → 07 SEPTIEMBRE 2026"
TRDP-96;soap;SI;DECLARA;2026-09-30;2026-09-30;coincide;cabecera_desde_hasta;"MODELO AÑO RUT RIGE DESDE HASTA 9738487808TRDP96 → FMX 420 2024 97006000-6 01/10/2025 30/09/2026"
TRDP-97;otra;SI;ILEGIBLE;;2027-02-26;sin_dictamen;;"Escaneo sin texto y sin imagen recuperable del PDF."
TRDP-97;permiso_circulacion;SI;DECLARA;2026-09-30;2026-09-30;coincide;etiqueta_y_fila;"LA HIGUERA 2025 MUNICIPALIDAD DE LA AÑO VALIDO HASTA PLACA UNICA → 30/09/2026 TR-DP97-3"
TRDP-97;revision_tecnica;SI;ILEGIBLE;;2027-02-26;sin_dictamen;;"Escaneo sin texto y sin imagen recuperable del PDF."
TRDP-97;soap;SI;DECLARA;2026-09-30;2026-09-30;coincide;cabecera_desde_hasta;"MODELO AÑO RUT RIGE DESDE HASTA 9738709687TRDP97 → FMX 420 2024 97006000-6 01/10/2025 30/09/2026"
TRSS-13;permiso_circulacion;SI;DECLARA;2026-09-30;2026-09-30;coincide;etiqueta_y_fila;"LA HIGUERA 2025 MUNICIPALIDAD DE LA AÑO VALIDO HASTA PLACA UNICA → 30/09/2026 TR-SS13-1"
TRSS-13;revision_tecnica;SI;DECLARA;2026-11-02;2026-11-02;coincide;etiqueta_y_fila;"FIRMA ELECTRÓNICA AVANZADA REVISIÓN TÉCNICA VALIDA HASTA: → 02 NOVIEMBRE 2026 02/05/2026 09:31 :41"
TRSS-13;soap;SI;DECLARA;2026-09-30;2026-09-30;coincide;cabecera_desde_hasta;"MODELO AÑO RUT RIGE DESDE HASTA 9738459307TRSS13 → P450B 2025 97036000-K 01/10/2025 30/09/2026"
TRSS-14;permiso_circulacion;SI;DECLARA;2026-09-30;2026-09-30;coincide;etiqueta_y_fila;"LA HIGUERA 2025 MUNICIPALIDAD DE LA AÑO VALIDO HASTA PLACA UNICA → 30/09/2026 TR-SS14-K"
TRSS-14;revision_tecnica;SI;NO_DECLARA;SIN VENCIMIENTO;2027-02-11;sistema_tiene_fecha_que_el_papel_no_dice;leido_sin_hallazgo;"Se leyeron 83 líneas y no aparece una fecha de vencimiento."
TRSS-14;soap;SI;DECLARA;2026-09-30;2026-09-30;coincide;cabecera_desde_hasta;"MODELO AÑO RUT RIGE DESDE HASTA 9738318314TRSS14 → P450B 2025 97036000-K 01/10/2025 30/09/2026"
TRSS-15;permiso_circulacion;SI;DECLARA;2026-09-30;2026-09-30;coincide;etiqueta_y_fila;"LA HIGUERA 2025 MUNICIPALIDAD DE LA AÑO VALIDO HASTA PLACA UNICA → 30/09/2026 TR-SS15-8"
TRSS-15;soap;SI;DECLARA;2026-09-30;2026-09-30;coincide;cabecera_desde_hasta;"MODELO AÑO RUT RIGE DESDE HASTA 9738436464TRSS15 → P450B 2025 97036000-K 01/10/2025 30/09/2026"
TRSS-16;permiso_circulacion;SI;DECLARA;2026-09-30;2026-09-30;coincide;etiqueta_y_fila;"LA HIGUERA 2025 MUNICIPALIDAD DE LA AÑO VALIDO HASTA PLACA UNICA → 30/09/2026 TR-SS16-6"
TRSS-16;revision_tecnica;SI;DECLARA;2026-11-07;2026-11-07;coincide;etiqueta_y_fila;"REVISIÓN TéCNICA VALIDA HASTA: FIRMA ELECTRÓNICA AVANZAD/, → 07 NOVIEMBRE 2026"
TRSS-16;soap;SI;DECLARA;2026-09-30;2026-09-30;coincide;cabecera_desde_hasta;"MODELO AÑO RUT RIGE DESDE HASTA 9738322001TRSS16 → P450B 2025 97036000-K 01/10/2025 30/09/2026"
TRST-57;hermeticidad;SI;ILEGIBLE;;2026-11-05;sin_dictamen;;"Escaneo sin texto. Se extrajo la página para leerla a ojo."
TRST-57;permiso_circulacion;SI;DECLARA;2026-09-30;2026-09-30;coincide;etiqueta_y_fila;"LA HIGUERA 2025 MUNICIPALIDAD DE LA AÑO VALIDO HASTA PLACA UNICA → 30/09/2026 TR-ST57-K"
TRST-57;revision_tecnica;SI;DECLARA;2026-11-26;2026-11-26;coincide;etiqueta_y_fila;"REVISIÓN TÉCNICA VALIDA HASTA: FIRMA ELECTRÓNICA AVANZAD~ → 26 NOVIEMBRE 2026"
TRST-57;soap;SI;DECLARA;2026-09-30;2026-09-30;coincide;cabecera_desde_hasta;"MODELO AÑO RUT RIGE DESDE HASTA 9738591590TRST57 → P450B 2025 97036000-K 01/10/2025 30/09/2026"
TRST-57;tc8_sec;SI;ILEGIBLE;;sin fecha;sin_dictamen;;"Escaneo sin texto. Se extrajo la página para leerla a ojo."
TRST-58;permiso_circulacion;SI;DECLARA;2026-09-30;2026-09-30;coincide;etiqueta_y_fila;"LA HIGUERA 2025 MUNICIPALIDAD DE LA AÑO VALIDO HASTA PLACA UNICA → 30/09/2026 TR-ST58-8"
TRST-58;revision_tecnica;SI;DECLARA;2026-09-27;2026-09-27;coincide;etiqueta_y_fila;"REVISIÓN ~CNICA VALIDA HASTA: FIRMA ELECTRÓNICA AVANZAD~ → '27 SEPTIEMBRE 2026"
TRST-58;soap;SI;DECLARA;2026-09-30;2026-09-30;coincide;cabecera_desde_hasta;"MODELO AÑO RUT RIGE DESDE HASTA 9738342560TRST58 → P450B 2025 97036000-K 01/10/2025 30/09/2026"
TSTB-48;permiso_circulacion;SI;DECLARA;2027-03-31;2027-03-31;coincide;etiqueta_y_fila;"LA HIGUERA 2026 MUNICIPALIDAD DE LA AÑO VALIDO HASTA PLACA UNICA → 31/03/2027 TS-TB48-1"
TSTB-48;soap;SI;DECLARA;2027-03-31;2027-03-31;coincide;rango_en_linea;"MODELO: MONTANA 1.2 AÑO: 2025 RUT: 77.316.540-8 RIGE DESDE: 09-03-2026 HASTA: 31-03-2027"
TTPC-47;permiso_circulacion;SI;DECLARA;2026-09-30;2026-09-30;coincide;etiqueta_y_fila;"LA HIGUERA 2025 MUNICIPALIDAD DE LA AÑO VALIDO HASTA PLACA UNICA → 30/09/2026 TT-PC47-2"
TTPC-47;revision_tecnica;SI;ILEGIBLE;;2027-01-10;sin_dictamen;;"Escaneo sin texto. Se extrajo la página para leerla a ojo."
TTPC-47;soap;SI;DECLARA;2026-09-30;2026-09-30;coincide;cabecera_desde_hasta;"MODELO AÑO RUT RIGE DESDE HASTA 9738517919TTPC47 → P450B 2025 97036000-K 01/10/2025 30/09/2026"
VRST-19;permiso_circulacion;SI;DECLARA;2027-03-31;2027-03-31;coincide;etiqueta_y_fila;"LA HIGUERA 2026 MUNICIPALIDAD DE LA AÑO VALIDO HASTA PLACA UNICA → 31/03/2027 VR-ST19-0"
BOM-MP-002;calibracion;;ERROR;;2026-03-15;sin_dictamen;;"Failed to parse URL from /certificaciones/demo/cal_bom_mp_002.pdf"
DCHD-83;analisis_gases;;ILEGIBLE;;2026-06-03;sin_dictamen;;"Escaneo sin texto. Se extrajo la página para leerla a ojo."
DCHD-83;ficha_tecnica;;NO_CADUCA;;sin fecha;coincide;tipo_no_caduca;"Papel de identidad del equipo: no tiene vencimiento."
DCHD-83;inscripcion_sec;;ILEGIBLE;;sin fecha;sin_dictamen;;"Escaneo sin texto. Se extrajo la página para leerla a ojo."
DCHD-83;laminas_seguridad;;ILEGIBLE;;sin fecha;sin_dictamen;;"Escaneo sin texto. Se extrajo la página para leerla a ojo."
DCHD-83;mantencion;;NO_DECLARA;SIN VENCIMIENTO;2024-02-15;sistema_tiene_fecha_que_el_papel_no_dice;leido_sin_hallazgo;"Se leyeron 655 líneas y no aparece una fecha de vencimiento."
DCHD-83;padron;;NO_CADUCA;;sin fecha;coincide;tipo_no_caduca;"Papel de identidad del equipo: no tiene vencimiento."
DCHD-83;seguro_rc;;NO_DECLARA;SIN VENCIMIENTO;2028-08-27;sistema_tiene_fecha_que_el_papel_no_dice;leido_sin_hallazgo;"Se leyeron 28 líneas y no aparece una fecha de vencimiento."
DJKL-18;aire_acondicionado;;NO_DECLARA;SIN VENCIMIENTO;2023-08-08;sistema_tiene_fecha_que_el_papel_no_dice;leido_sin_hallazgo;"Se leyeron 20 líneas y no aparece una fecha de vencimiento."
DJKL-18;analisis_gases;;ILEGIBLE;;2026-12-30;sin_dictamen;;"Escaneo sin texto y sin imagen recuperable del PDF."
DJKL-18;ausencia_falla_ecm;;NO_DECLARA;SIN VENCIMIENTO;sin fecha;coincide;leido_sin_hallazgo;"Se leyeron 21 líneas y no aparece una fecha de vencimiento."
DJKL-18;calibracion;;ILEGIBLE;;2027-08-18;sin_dictamen;;"Escaneo sin texto. Se extrajo la página para leerla a ojo."
DJKL-18;cert_cabina;;ILEGIBLE;;sin fecha;sin_dictamen;;"Escaneo sin texto. Se extrajo la página para leerla a ojo."
DJKL-18;flujo_descarga;;ILEGIBLE;;2027-08-18;sin_dictamen;;"Escaneo sin texto y sin imagen recuperable del PDF."
DJKL-18;inscripcion_sec;;ILEGIBLE;;sin fecha;sin_dictamen;;"Escaneo sin texto. Se extrajo la página para leerla a ojo."
DJKL-18;inventario_neumaticos;;NO_DECLARA;SIN VENCIMIENTO;2027-02-18;sistema_tiene_fecha_que_el_papel_no_dice;leido_sin_hallazgo;"Se leyeron 35 líneas y no aparece una fecha de vencimiento."
DJKL-18;laminas_seguridad;;NO_DECLARA;SIN VENCIMIENTO;2027-04-24;sistema_tiene_fecha_que_el_papel_no_dice;leido_sin_hallazgo;"Se leyeron 18 líneas y no aparece una fecha de vencimiento."
DJKL-18;mantencion;;NO_DECLARA;SIN VENCIMIENTO;2025-12-05;sistema_tiene_fecha_que_el_papel_no_dice;leido_sin_hallazgo;"Se leyeron 22 líneas y no aparece una fecha de vencimiento."
DJKL-18;operatividad;;NO_DECLARA;SIN VENCIMIENTO;2025-12-31;sistema_tiene_fecha_que_el_papel_no_dice;leido_sin_hallazgo;"Se leyeron 29 líneas y no aparece una fecha de vencimiento."
DJKL-18;optico_sobrellenado;;NO_DECLARA;SIN VENCIMIENTO;sin fecha;coincide;leido_sin_hallazgo;"Se leyeron 27 líneas y no aparece una fecha de vencimiento."
DJKL-18;padron;;NO_CADUCA;;sin fecha;coincide;tipo_no_caduca;"Papel de identidad del equipo: no tiene vencimiento."
DJKL-18;seguro_rc;;NO_DECLARA;SIN VENCIMIENTO;2028-08-27;sistema_tiene_fecha_que_el_papel_no_dice;leido_sin_hallazgo;"Se leyeron 28 líneas y no aparece una fecha de vencimiento."
DJKL-18;tacografo;;NO_DECLARA;SIN VENCIMIENTO;sin fecha;coincide;leido_sin_hallazgo;"Se leyeron 22 líneas y no aparece una fecha de vencimiento."
DJKL-18;torque_ruedas;;NO_DECLARA;SIN VENCIMIENTO;2027-07-20;sistema_tiene_fecha_que_el_papel_no_dice;leido_sin_hallazgo;"Se leyeron 24 líneas y no aparece una fecha de vencimiento."
FJTJ-60;aire_acondicionado;;NO_DECLARA;SIN VENCIMIENTO;2027-09-27;sistema_tiene_fecha_que_el_papel_no_dice;leido_sin_hallazgo;"Se leyeron 20 líneas y no aparece una fecha de vencimiento."
FJTJ-60;analisis_gases;;ILEGIBLE;;2027-02-03;sin_dictamen;;"El archivo es una imagen JPG, no un PDF. Hay que leerla a ojo."
FJTJ-60;ausencia_falla_ecm;;NO_DECLARA;SIN VENCIMIENTO;2026-11-20;sistema_tiene_fecha_que_el_papel_no_dice;leido_sin_hallazgo;"Se leyeron 21 líneas y no aparece una fecha de vencimiento."
FJTJ-60;calibracion;;ILEGIBLE;;2027-01-30;sin_dictamen;;"El archivo es una imagen PNG, no un PDF. Hay que leerla a ojo."
FJTJ-60;cert_cabina;;ILEGIBLE;;sin fecha;sin_dictamen;;"Escaneo sin texto. Se extrajo la página para leerla a ojo."
FJTJ-60;ficha_tecnica;;NO_CADUCA;;sin fecha;coincide;tipo_no_caduca;"Papel de identidad del equipo: no tiene vencimiento."
FJTJ-60;flujo_descarga;;ILEGIBLE;;2027-01-30;sin_dictamen;;"El archivo es una imagen PNG, no un PDF. Hay que leerla a ojo."
FJTJ-60;inscripcion_rnvm;;NO_CADUCA;;sin fecha;coincide;tipo_no_caduca;"Papel de identidad del equipo: no tiene vencimiento."
FJTJ-60;inscripcion_sec;;ILEGIBLE;;sin fecha;sin_dictamen;;"Escaneo sin texto. Se extrajo la página para leerla a ojo."
FJTJ-60;inventario_neumaticos;;NO_DECLARA;SIN VENCIMIENTO;2027-03-31;sistema_tiene_fecha_que_el_papel_no_dice;leido_sin_hallazgo;"Se leyeron 25 líneas y no aparece una fecha de vencimiento."
FJTJ-60;laminas_seguridad;;ILEGIBLE;;sin fecha;sin_dictamen;;"Escaneo sin texto. Se extrajo la página para leerla a ojo."
FJTJ-60;mantencion;;NO_DECLARA;SIN VENCIMIENTO;2027-09-03;sistema_tiene_fecha_que_el_papel_no_dice;leido_sin_hallazgo;"Se leyeron 23 líneas y no aparece una fecha de vencimiento."
FJTJ-60;operatividad;;ILEGIBLE;;2027-05-20;sin_dictamen;;"Escaneo sin texto. Se extrajo la página para leerla a ojo."
FJTJ-60;padron;;NO_CADUCA;;sin fecha;coincide;tipo_no_caduca;"Papel de identidad del equipo: no tiene vencimiento."
FJTJ-60;seguro_rc;;NO_DECLARA;SIN VENCIMIENTO;2028-08-27;sistema_tiene_fecha_que_el_papel_no_dice;leido_sin_hallazgo;"Se leyeron 28 líneas y no aparece una fecha de vencimiento."
FJTJ-60;tacografo;;NO_DECLARA;SIN VENCIMIENTO;sin fecha;coincide;leido_sin_hallazgo;"Se leyeron 22 líneas y no aparece una fecha de vencimiento."
FJTJ-60;torque_ruedas;;NO_DECLARA;SIN VENCIMIENTO;2027-09-27;sistema_tiene_fecha_que_el_papel_no_dice;leido_sin_hallazgo;"Se leyeron 24 líneas y no aparece una fecha de vencimiento."
FJTJ-61;aire_acondicionado;;ILEGIBLE;;2026-07-31;sin_dictamen;;"Escaneo sin texto. Se extrajo la página para leerla a ojo."
FJTJ-61;analisis_gases;;ILEGIBLE;;2026-07-14;sin_dictamen;;"Escaneo sin texto. Se extrajo la página para leerla a ojo."
FJTJ-61;ausencia_falla_ecm;;ILEGIBLE;;2026-07-31;sin_dictamen;;"Escaneo sin texto. Se extrajo la página para leerla a ojo."
FJTJ-61;calibracion;;ILEGIBLE;;2026-07-31;sin_dictamen;;"Escaneo sin texto. Se extrajo la página para leerla a ojo."
FJTJ-61;cert_cabina;;ILEGIBLE;;sin fecha;sin_dictamen;;"Escaneo sin texto. Se extrajo la página para leerla a ojo."
FJTJ-61;ficha_tecnica;;NO_CADUCA;;sin fecha;coincide;tipo_no_caduca;"Papel de identidad del equipo: no tiene vencimiento."
FJTJ-61;flujo_descarga;;ILEGIBLE;;2026-07-31;sin_dictamen;;"Escaneo sin texto. Se extrajo la página para leerla a ojo."
FJTJ-61;hermeticidad;;ILEGIBLE;;2027-01-22;sin_dictamen;;"Escaneo sin texto. Se extrajo la página para leerla a ojo."
FJTJ-61;inscripcion_sec;;ILEGIBLE;;sin fecha;sin_dictamen;;"Escaneo sin texto. Se extrajo la página para leerla a ojo."
FJTJ-61;inventario_neumaticos;;ILEGIBLE;;2024-11-30;sin_dictamen;;"Escaneo sin texto. Se extrajo la página para leerla a ojo."
FJTJ-61;laminas_seguridad;;ILEGIBLE;;sin fecha;sin_dictamen;;"Escaneo sin texto. Se extrajo la página para leerla a ojo."
FJTJ-61;mantencion;;ILEGIBLE;;2026-07-22;sin_dictamen;;"Escaneo sin texto. Se extrajo la página para leerla a ojo."
FJTJ-61;operatividad;;ILEGIBLE;;2026-07-31;sin_dictamen;;"Escaneo sin texto. Se extrajo la página para leerla a ojo."
FJTJ-61;optico_sobrellenado;;ILEGIBLE;;2026-07-31;sin_dictamen;;"Escaneo sin texto. Se extrajo la página para leerla a ojo."
FJTJ-61;padron;;NO_CADUCA;;sin fecha;coincide;tipo_no_caduca;"Papel de identidad del equipo: no tiene vencimiento."
FJTJ-61;seguro_rc;;NO_DECLARA;SIN VENCIMIENTO;2028-08-27;sistema_tiene_fecha_que_el_papel_no_dice;leido_sin_hallazgo;"Se leyeron 28 líneas y no aparece una fecha de vencimiento."
FJTJ-61;tacografo;;ILEGIBLE;;sin fecha;sin_dictamen;;"Escaneo sin texto. Se extrajo la página para leerla a ojo."
FJTJ-61;tc8_sec;;ILEGIBLE;;sin fecha;sin_dictamen;;"Escaneo sin texto. Se extrajo la página para leerla a ojo."
FJTJ-61;torque_ruedas;;ILEGIBLE;;2024-12-10;sin_dictamen;;"Escaneo sin texto. Se extrajo la página para leerla a ojo."
FSLZ-67;aire_acondicionado;;NO_DECLARA;SIN VENCIMIENTO;sin fecha;coincide;leido_sin_hallazgo;"Se leyeron 21 líneas y no aparece una fecha de vencimiento."
FSLZ-67;analisis_gases;;ILEGIBLE;;2026-12-26;sin_dictamen;;"El archivo es una imagen PNG, no un PDF. Hay que leerla a ojo."
FSLZ-67;ausencia_falla_ecm;;NO_DECLARA;SIN VENCIMIENTO;2027-06-18;sistema_tiene_fecha_que_el_papel_no_dice;leido_sin_hallazgo;"Se leyeron 21 líneas y no aparece una fecha de vencimiento."
FSLZ-67;calibracion;;ILEGIBLE;;2026-12-22;sin_dictamen;;"Escaneo sin texto y sin imagen recuperable del PDF."
FSLZ-67;cert_cabina;;ILEGIBLE;;sin fecha;sin_dictamen;;"Escaneo sin texto. Se extrajo la página para leerla a ojo."
FSLZ-67;flujo_descarga;;NO_DECLARA;SIN VENCIMIENTO;2027-05-07;sistema_tiene_fecha_que_el_papel_no_dice;leido_sin_hallazgo;"Se leyeron 32 líneas y no aparece una fecha de vencimiento."
FSLZ-67;inscripcion_sec;;ILEGIBLE;;sin fecha;sin_dictamen;;"Escaneo sin texto. Se extrajo la página para leerla a ojo."
FSLZ-67;inventario_neumaticos;;ILEGIBLE;;2024-06-10;sin_dictamen;;"Escaneo sin texto. Se extrajo la página para leerla a ojo."
FSLZ-67;laminas_seguridad;;ILEGIBLE;;sin fecha;sin_dictamen;;"Escaneo sin texto. Se extrajo la página para leerla a ojo."
FSLZ-67;mantencion;;ILEGIBLE;;2026-09-30;sin_dictamen;;"El archivo es una imagen PNG, no un PDF. Hay que leerla a ojo."
FSLZ-67;operatividad;;NO_DECLARA;SIN VENCIMIENTO;2027-09-26;sistema_tiene_fecha_que_el_papel_no_dice;leido_sin_hallazgo;"Se leyeron 29 líneas y no aparece una fecha de vencimiento."
FSLZ-67;optico_sobrellenado;;NO_DECLARA;SIN VENCIMIENTO;2027-09-26;sistema_tiene_fecha_que_el_papel_no_dice;leido_sin_hallazgo;"Se leyeron 27 líneas y no aparece una fecha de vencimiento."
FSLZ-67;padron;;NO_CADUCA;;sin fecha;coincide;tipo_no_caduca;"Papel de identidad del equipo: no tiene vencimiento."
FSLZ-67;seguro_rc;;NO_DECLARA;SIN VENCIMIENTO;2028-08-27;sistema_tiene_fecha_que_el_papel_no_dice;leido_sin_hallazgo;"Se leyeron 28 líneas y no aparece una fecha de vencimiento."
FSLZ-67;tacografo;;NO_DECLARA;SIN VENCIMIENTO;sin fecha;coincide;leido_sin_hallazgo;"Se leyeron 22 líneas y no aparece una fecha de vencimiento."
FSLZ-67;torque_ruedas;;NO_DECLARA;SIN VENCIMIENTO;2027-09-26;sistema_tiene_fecha_que_el_papel_no_dice;leido_sin_hallazgo;"Se leyeron 24 líneas y no aparece una fecha de vencimiento."
GCHT-12;aire_acondicionado;;ILEGIBLE;;sin fecha;sin_dictamen;;"Escaneo sin texto. Se extrajo la página para leerla a ojo."
GCHT-12;analisis_gases;;ILEGIBLE;;2026-08-19;sin_dictamen;;"Escaneo sin texto y sin imagen recuperable del PDF."
GCHT-12;ausencia_falla_ecm;;ILEGIBLE;;sin fecha;sin_dictamen;;"Escaneo sin texto. Se extrajo la página para leerla a ojo."
GCHT-12;cert_cabina;;NO_DECLARA;SIN VENCIMIENTO;sin fecha;coincide;leido_sin_hallazgo;"Se leyeron 23 líneas y no aparece una fecha de vencimiento."
GCHT-12;ficha_tecnica;;NO_CADUCA;;sin fecha;coincide;tipo_no_caduca;"Papel de identidad del equipo: no tiene vencimiento."
GCHT-12;flujo_descarga;;ILEGIBLE;;sin fecha;sin_dictamen;;"Escaneo sin texto. Se extrajo la página para leerla a ojo."
GCHT-12;inventario_neumaticos;;ILEGIBLE;;2024-10-03;sin_dictamen;;"Escaneo sin texto. Se extrajo la página para leerla a ojo."
GCHT-12;laminas_seguridad;;ILEGIBLE;;sin fecha;sin_dictamen;;"Escaneo sin texto. Se extrajo la página para leerla a ojo."
GCHT-12;mantencion;;NO_DECLARA;SIN VENCIMIENTO;2027-06-17;sistema_tiene_fecha_que_el_papel_no_dice;leido_sin_hallazgo;"Se leyeron 21 líneas y no aparece una fecha de vencimiento."
GCHT-12;operatividad;;ILEGIBLE;;2027-06-17;sin_dictamen;;"Escaneo sin texto. Se extrajo la página para leerla a ojo."
GCHT-12;padron;;NO_CADUCA;;sin fecha;coincide;tipo_no_caduca;"Papel de identidad del equipo: no tiene vencimiento."
GCHT-12;seguro_rc;;NO_DECLARA;SIN VENCIMIENTO;2028-08-27;sistema_tiene_fecha_que_el_papel_no_dice;leido_sin_hallazgo;"Se leyeron 28 líneas y no aparece una fecha de vencimiento."
GCHT-12;sist_riego;;ILEGIBLE;;sin fecha;sin_dictamen;;"Escaneo sin texto. Se extrajo la página para leerla a ojo."
GCHT-12;tacografo;;ILEGIBLE;;sin fecha;sin_dictamen;;"Escaneo sin texto. Se extrajo la página para leerla a ojo."
GCHT-12;torque_ruedas;;ILEGIBLE;;sin fecha;sin_dictamen;;"Escaneo sin texto. Se extrajo la página para leerla a ojo."
GCSY-66;aire_acondicionado;;NO_DECLARA;SIN VENCIMIENTO;sin fecha;coincide;leido_sin_hallazgo;"Se leyeron 15 líneas y no aparece una fecha de vencimiento."
GCSY-66;ausencia_falla_ecm;;NO_DECLARA;SIN VENCIMIENTO;sin fecha;coincide;leido_sin_hallazgo;"Se leyeron 21 líneas y no aparece una fecha de vencimiento."
GCSY-66;ficha_tecnica;;NO_CADUCA;;sin fecha;coincide;tipo_no_caduca;"Papel de identidad del equipo: no tiene vencimiento."
GCSY-66;inscripcion_rnvm;;NO_CADUCA;;sin fecha;coincide;tipo_no_caduca;"Papel de identidad del equipo: no tiene vencimiento."
GCSY-66;inventario_neumaticos;;ILEGIBLE;;sin fecha;sin_dictamen;;"Escaneo sin texto. Se extrajo la página para leerla a ojo."
GCSY-66;laminas_seguridad;;ILEGIBLE;;sin fecha;sin_dictamen;;"Escaneo sin texto. Se extrajo la página para leerla a ojo."
GCSY-66;mant_hidraulico;;ILEGIBLE;;sin fecha;sin_dictamen;;"Escaneo sin texto. Se extrajo la página para leerla a ojo."
GCSY-66;mantencion;;ILEGIBLE;;2024-03-14;sin_dictamen;;"Escaneo sin texto. Se extrajo la página para leerla a ojo."
GCSY-66;operatividad;;NO_DECLARA;SIN VENCIMIENTO;sin fecha;coincide;leido_sin_hallazgo;"Se leyeron 27 líneas y no aparece una fecha de vencimiento."
GCSY-66;seguro_rc;;DECLARA;2024-01-09;2024-01-09;coincide;cabecera_desde_hasta;"Desde las 12:00 hrs Hasta las 12:00 hrs Dias → EQUIPO DE CONTRATISTA 2011400011081 I 09-01-2023 09-01-2024 365"
GDP 30TK;ficha_tecnica;;NO_CADUCA;;sin fecha;coincide;tipo_no_caduca;"Papel de identidad del equipo: no tiene vencimiento."
GDP 30TK;mantencion;;NO_DECLARA;SIN VENCIMIENTO;sin fecha;coincide;leido_sin_hallazgo;"Se leyeron 15 líneas y no aparece una fecha de vencimiento."
GGHB-32;aire_acondicionado;;ILEGIBLE;;2026-11-05;sin_dictamen;;"Escaneo sin texto. Se extrajo la página para leerla a ojo."
GGHB-32;analisis_gases;;NO_DECLARA;SIN VENCIMIENTO;2026-08-24;sistema_tiene_fecha_que_el_papel_no_dice;leido_sin_hallazgo;"Se leyeron 39 líneas y no aparece una fecha de vencimiento."
GGHB-32;ausencia_falla_ecm;;ILEGIBLE;;2026-11-05;sin_dictamen;;"Escaneo sin texto. Se extrajo la página para leerla a ojo."
GGHB-32;cert_cabina;;NO_DECLARA;SIN VENCIMIENTO;sin fecha;coincide;leido_sin_hallazgo;"Se leyeron 23 líneas y no aparece una fecha de vencimiento."
GGHB-32;ficha_tecnica;;NO_CADUCA;;sin fecha;coincide;tipo_no_caduca;"Papel de identidad del equipo: no tiene vencimiento."
GGHB-32;grilletes_eslingas;;NO_DECLARA;SIN VENCIMIENTO;sin fecha;coincide;leido_sin_hallazgo;"Se leyeron 14 líneas y no aparece una fecha de vencimiento."
GGHB-32;inventario_neumaticos;;NO_DECLARA;SIN VENCIMIENTO;2024-09-27;sistema_tiene_fecha_que_el_papel_no_dice;leido_sin_hallazgo;"Se leyeron 25 líneas y no aparece una fecha de vencimiento."
GGHB-32;laminas_seguridad;;NO_DECLARA;SIN VENCIMIENTO;sin fecha;coincide;leido_sin_hallazgo;"Se leyeron 1 líneas y no aparece una fecha de vencimiento."
GGHB-32;mant_hidraulico;;ILEGIBLE;;sin fecha;sin_dictamen;;"Escaneo sin texto. Se extrajo la página para leerla a ojo."
GGHB-32;mantencion;;ILEGIBLE;;2027-01-29;sin_dictamen;;"Escaneo sin texto. Se extrajo la página para leerla a ojo."
GGHB-32;operatividad;;ILEGIBLE;;2027-05-06;sin_dictamen;;"Escaneo sin texto. Se extrajo la página para leerla a ojo."
GGHB-32;padron;;NO_CADUCA;;sin fecha;coincide;tipo_no_caduca;"Papel de identidad del equipo: no tiene vencimiento."
GGHB-32;seguro_rc;;NO_DECLARA;SIN VENCIMIENTO;2028-08-27;sistema_tiene_fecha_que_el_papel_no_dice;leido_sin_hallazgo;"Se leyeron 28 líneas y no aparece una fecha de vencimiento."
GGHB-32;sist_riego;;ILEGIBLE;;2027-05-06;sin_dictamen;;"Escaneo sin texto. Se extrajo la página para leerla a ojo."
GGHB-32;tacografo;;ILEGIBLE;;sin fecha;sin_dictamen;;"Escaneo sin texto. Se extrajo la página para leerla a ojo."
GGHB-32;torque_ruedas;;ILEGIBLE;;2027-07-29;sin_dictamen;;"Escaneo sin texto. Se extrajo la página para leerla a ojo."
HHWB-42;analisis_gases;;ILEGIBLE;;2026-06-03;sin_dictamen;;"Escaneo sin texto y sin imagen recuperable del PDF."
HHWB-42;cert_cabina;;NO_DECLARA;SIN VENCIMIENTO;sin fecha;coincide;leido_sin_hallazgo;"Se leyeron 23 líneas y no aparece una fecha de vencimiento."
HHWB-42;ficha_tecnica;;NO_CADUCA;;sin fecha;coincide;tipo_no_caduca;"Papel de identidad del equipo: no tiene vencimiento."
HHWB-42;inscripcion_rnvm;;NO_CADUCA;;sin fecha;coincide;tipo_no_caduca;"Papel de identidad del equipo: no tiene vencimiento."
HHWB-42;inscripcion_sec;;ILEGIBLE;;sin fecha;sin_dictamen;;"Escaneo sin texto. Se extrajo la página para leerla a ojo."
HHWB-42;laminas_seguridad;;NO_DECLARA;SIN VENCIMIENTO;sin fecha;coincide;leido_sin_hallazgo;"Se leyeron 19 líneas y no aparece una fecha de vencimiento."
HHWB-42;padron;;NO_CADUCA;;sin fecha;coincide;tipo_no_caduca;"Papel de identidad del equipo: no tiene vencimiento."
HHWB-42;seguro_rc;;NO_DECLARA;SIN VENCIMIENTO;2028-08-27;sistema_tiene_fecha_que_el_papel_no_dice;leido_sin_hallazgo;"Se leyeron 28 líneas y no aparece una fecha de vencimiento."
HHWB-42;tc8_sec;;ILEGIBLE;;2030-09-08;sin_dictamen;;"Escaneo sin texto. Se extrajo la página para leerla a ojo."
HHWB-44;aire_acondicionado;;NO_DECLARA;SIN VENCIMIENTO;2027-05-14;sistema_tiene_fecha_que_el_papel_no_dice;leido_sin_hallazgo;"Se leyeron 20 líneas y no aparece una fecha de vencimiento."
HHWB-44;analisis_gases;;ILEGIBLE;;2026-12-05;sin_dictamen;;"El archivo es una imagen PNG, no un PDF. Hay que leerla a ojo."
HHWB-44;ausencia_falla_ecm;;NO_DECLARA;SIN VENCIMIENTO;2027-05-14;sistema_tiene_fecha_que_el_papel_no_dice;leido_sin_hallazgo;"Se leyeron 25 líneas y no aparece una fecha de vencimiento."
HHWB-44;calibracion;;NO_DECLARA;SIN VENCIMIENTO;2027-05-13;sistema_tiene_fecha_que_el_papel_no_dice;leido_sin_hallazgo;"Se leyeron 26 líneas y no aparece una fecha de vencimiento."
HHWB-44;cert_cabina;;NO_DECLARA;SIN VENCIMIENTO;sin fecha;coincide;leido_sin_hallazgo;"Se leyeron 23 líneas y no aparece una fecha de vencimiento."
HHWB-44;ficha_tecnica;;NO_CADUCA;;sin fecha;coincide;tipo_no_caduca;"Papel de identidad del equipo: no tiene vencimiento."
HHWB-44;flujo_descarga;;NO_DECLARA;SIN VENCIMIENTO;2027-05-13;sistema_tiene_fecha_que_el_papel_no_dice;leido_sin_hallazgo;"Se leyeron 20 líneas y no aparece una fecha de vencimiento."
HHWB-44;inscripcion_sec;;NO_DECLARA;SIN VENCIMIENTO;sin fecha;coincide;leido_sin_hallazgo;"Se leyeron 69 líneas y no aparece una fecha de vencimiento."
HHWB-44;laminas_seguridad;;NO_DECLARA;SIN VENCIMIENTO;sin fecha;coincide;leido_sin_hallazgo;"Se leyeron 18 líneas y no aparece una fecha de vencimiento."
HHWB-44;mantencion;;NO_DECLARA;SIN VENCIMIENTO;2027-05-10;sistema_tiene_fecha_que_el_papel_no_dice;leido_sin_hallazgo;"Se leyeron 21 líneas y no aparece una fecha de vencimiento."
HHWB-44;operatividad;;NO_DECLARA;SIN VENCIMIENTO;2027-05-17;sistema_tiene_fecha_que_el_papel_no_dice;leido_sin_hallazgo;"Se leyeron 30 líneas y no aparece una fecha de vencimiento."
HHWB-44;optico_sobrellenado;;NO_DECLARA;SIN VENCIMIENTO;2027-12-31;sistema_tiene_fecha_que_el_papel_no_dice;leido_sin_hallazgo;"Se leyeron 28 líneas y no aparece una fecha de vencimiento."
HHWB-44;padron;;NO_CADUCA;;sin fecha;coincide;tipo_no_caduca;"Papel de identidad del equipo: no tiene vencimiento."
HHWB-44;seguro_rc;;NO_DECLARA;SIN VENCIMIENTO;2028-08-27;sistema_tiene_fecha_que_el_papel_no_dice;leido_sin_hallazgo;"Se leyeron 28 líneas y no aparece una fecha de vencimiento."
HHWB-44;tacografo;;NO_DECLARA;SIN VENCIMIENTO;sin fecha;coincide;leido_sin_hallazgo;"Se leyeron 27 líneas y no aparece una fecha de vencimiento."
HHWB-44;torque_ruedas;;NO_DECLARA;SIN VENCIMIENTO;2027-05-17;sistema_tiene_fecha_que_el_papel_no_dice;leido_sin_hallazgo;"Se leyeron 24 líneas y no aparece una fecha de vencimiento."
HKSR-81;aire_acondicionado;;NO_DECLARA;SIN VENCIMIENTO;2027-09-24;sistema_tiene_fecha_que_el_papel_no_dice;leido_sin_hallazgo;"Se leyeron 20 líneas y no aparece una fecha de vencimiento."
HKSR-81;analisis_gases;;ILEGIBLE;;2026-06-04;sin_dictamen;;"Escaneo sin texto. Se extrajo la página para leerla a ojo."
HKSR-81;ausencia_falla_ecm;;NO_DECLARA;SIN VENCIMIENTO;2027-06-23;sistema_tiene_fecha_que_el_papel_no_dice;leido_sin_hallazgo;"Se leyeron 21 líneas y no aparece una fecha de vencimiento."
HKSR-81;calibracion;;NO_DECLARA;SIN VENCIMIENTO;2027-09-24;sistema_tiene_fecha_que_el_papel_no_dice;leido_sin_hallazgo;"Se leyeron 27 líneas y no aparece una fecha de vencimiento."
HKSR-81;cert_cabina;;ILEGIBLE;;sin fecha;sin_dictamen;;"Escaneo sin texto. Se extrajo la página para leerla a ojo."
HKSR-81;ficha_tecnica;;NO_CADUCA;;sin fecha;coincide;tipo_no_caduca;"Papel de identidad del equipo: no tiene vencimiento."
HKSR-81;flujo_descarga;;NO_DECLARA;SIN VENCIMIENTO;2027-12-31;sistema_tiene_fecha_que_el_papel_no_dice;leido_sin_hallazgo;"Se leyeron 22 líneas y no aparece una fecha de vencimiento."
HKSR-81;grilletes_eslingas;;ILEGIBLE;;sin fecha;sin_dictamen;;"Escaneo sin texto. Se extrajo la página para leerla a ojo."
HKSR-81;inscripcion_sec;;ILEGIBLE;;sin fecha;sin_dictamen;;"Escaneo sin texto. Se extrajo la página para leerla a ojo."
HKSR-81;inventario_neumaticos;;NO_DECLARA;SIN VENCIMIENTO;2027-03-02;sistema_tiene_fecha_que_el_papel_no_dice;leido_sin_hallazgo;"Se leyeron 26 líneas y no aparece una fecha de vencimiento."
HKSR-81;laminas_seguridad;;ILEGIBLE;;sin fecha;sin_dictamen;;"Escaneo sin texto. Se extrajo la página para leerla a ojo."
HKSR-81;mantencion;;ILEGIBLE;;2027-06-23;sin_dictamen;;"Escaneo sin texto. Se extrajo la página para leerla a ojo."
HKSR-81;operatividad;;NO_DECLARA;SIN VENCIMIENTO;2027-09-24;sistema_tiene_fecha_que_el_papel_no_dice;leido_sin_hallazgo;"Se leyeron 29 líneas y no aparece una fecha de vencimiento."
HKSR-81;optico_sobrellenado;;NO_DECLARA;SIN VENCIMIENTO;2027-09-24;sistema_tiene_fecha_que_el_papel_no_dice;leido_sin_hallazgo;"Se leyeron 31 líneas y no aparece una fecha de vencimiento."
HKSR-81;padron;;NO_CADUCA;;sin fecha;coincide;tipo_no_caduca;"Papel de identidad del equipo: no tiene vencimiento."
HKSR-81;seguro_rc;;NO_DECLARA;SIN VENCIMIENTO;2028-08-27;sistema_tiene_fecha_que_el_papel_no_dice;leido_sin_hallazgo;"Se leyeron 28 líneas y no aparece una fecha de vencimiento."
HKSR-81;tacografo;;NO_DECLARA;SIN VENCIMIENTO;sin fecha;coincide;leido_sin_hallazgo;"Se leyeron 22 líneas y no aparece una fecha de vencimiento."
HKSR-81;torque_ruedas;;NO_DECLARA;SIN VENCIMIENTO;2027-09-24;sistema_tiene_fecha_que_el_papel_no_dice;leido_sin_hallazgo;"Se leyeron 28 líneas y no aparece una fecha de vencimiento."
JDKH-31;factura_compra;;NO_CADUCA;;sin fecha;coincide;tipo_no_caduca;"Papel de identidad del equipo: no tiene vencimiento."
JDKH-31;inscripcion_rnvm;;NO_CADUCA;;sin fecha;coincide;tipo_no_caduca;"Papel de identidad del equipo: no tiene vencimiento."
JDKH-31;mantencion;;ILEGIBLE;;2024-08-17;sin_dictamen;;"Escaneo sin texto. Se extrajo la página para leerla a ojo."
JDKH-31;operatividad;;ILEGIBLE;;2024-12-26;sin_dictamen;;"Escaneo sin texto. Se extrajo la página para leerla a ojo."
JDKH-31;seguro_rc;;NO_DECLARA;SIN VENCIMIENTO;2028-08-27;sistema_tiene_fecha_que_el_papel_no_dice;leido_sin_hallazgo;"Se leyeron 28 líneas y no aparece una fecha de vencimiento."
JGBY-10;aire_acondicionado;;ILEGIBLE;;2026-08-12;sin_dictamen;;"Escaneo sin texto. Se extrajo la página para leerla a ojo."
JGBY-10;analisis_gases;;ILEGIBLE;;2026-12-03;sin_dictamen;;"Escaneo sin texto y sin imagen recuperable del PDF."
JGBY-10;ausencia_falla_ecm;;ILEGIBLE;;2026-08-12;sin_dictamen;;"Escaneo sin texto. Se extrajo la página para leerla a ojo."
JGBY-10;calibracion;;ILEGIBLE;;2026-08-12;sin_dictamen;;"Escaneo sin texto. Se extrajo la página para leerla a ojo."
JGBY-10;cert_cabina;;ILEGIBLE;;sin fecha;sin_dictamen;;"Escaneo sin texto. Se extrajo la página para leerla a ojo."
JGBY-10;ficha_tecnica;;NO_CADUCA;;sin fecha;coincide;tipo_no_caduca;"Papel de identidad del equipo: no tiene vencimiento."
JGBY-10;flujo_descarga;;ILEGIBLE;;2026-08-12;sin_dictamen;;"Escaneo sin texto. Se extrajo la página para leerla a ojo."
JGBY-10;gps;;ILEGIBLE;;sin fecha;sin_dictamen;;"Escaneo sin texto. Se extrajo la página para leerla a ojo."
JGBY-10;grilletes_eslingas;;ILEGIBLE;;sin fecha;sin_dictamen;;"Escaneo sin texto. Se extrajo la página para leerla a ojo."
JGBY-10;inscripcion_sec;;ILEGIBLE;;sin fecha;sin_dictamen;;"Escaneo sin texto. Se extrajo la página para leerla a ojo."
JGBY-10;inventario_neumaticos;;ILEGIBLE;;2025-03-06;sin_dictamen;;"Escaneo sin texto. Se extrajo la página para leerla a ojo."
JGBY-10;laminas_seguridad;;ILEGIBLE;;sin fecha;sin_dictamen;;"Escaneo sin texto. Se extrajo la página para leerla a ojo."
JGBY-10;mantencion;;ILEGIBLE;;2027-01-15;sin_dictamen;;"Escaneo sin texto. Se extrajo la página para leerla a ojo."
JGBY-10;operatividad;;ILEGIBLE;;2026-08-13;sin_dictamen;;"Escaneo sin texto. Se extrajo la página para leerla a ojo."
JGBY-10;optico_sobrellenado;;ILEGIBLE;;2026-08-12;sin_dictamen;;"Escaneo sin texto. Se extrajo la página para leerla a ojo."
JGBY-10;padron;;NO_CADUCA;;sin fecha;coincide;tipo_no_caduca;"Papel de identidad del equipo: no tiene vencimiento."
JGBY-10;seguro_rc;;NO_DECLARA;SIN VENCIMIENTO;2028-08-27;sistema_tiene_fecha_que_el_papel_no_dice;leido_sin_hallazgo;"Se leyeron 28 líneas y no aparece una fecha de vencimiento."
JGBY-10;tacografo;;ILEGIBLE;;sin fecha;sin_dictamen;;"Escaneo sin texto. Se extrajo la página para leerla a ojo."
JGBY-10;torque_ruedas;;ILEGIBLE;;2026-08-12;sin_dictamen;;"Escaneo sin texto. Se extrajo la página para leerla a ojo."
JTYK-88;aire_acondicionado;;ILEGIBLE;;2026-07-29;sin_dictamen;;"Escaneo sin texto y sin imagen recuperable del PDF."
JTYK-88;analisis_gases;;ILEGIBLE;;2027-01-08;sin_dictamen;;"El archivo es una imagen PNG, no un PDF. Hay que leerla a ojo."
JTYK-88;ausencia_falla_ecm;;ILEGIBLE;;sin fecha;sin_dictamen;;"Escaneo sin texto y sin imagen recuperable del PDF."
JTYK-88;cert_cabina;;ILEGIBLE;;sin fecha;sin_dictamen;;"Escaneo sin texto. Se extrajo la página para leerla a ojo."
JTYK-88;ficha_tecnica;;NO_CADUCA;;sin fecha;coincide;tipo_no_caduca;"Papel de identidad del equipo: no tiene vencimiento."
JTYK-88;flujo_descarga;;ILEGIBLE;;sin fecha;sin_dictamen;;"Escaneo sin texto y sin imagen recuperable del PDF."
JTYK-88;grilletes_eslingas;;ILEGIBLE;;sin fecha;sin_dictamen;;"Escaneo sin texto. Se extrajo la página para leerla a ojo."
JTYK-88;hermeticidad;;ILEGIBLE;;sin fecha;sin_dictamen;;"Escaneo sin texto. Se extrajo la página para leerla a ojo."
JTYK-88;inventario_neumaticos;;NO_DECLARA;SIN VENCIMIENTO;sin fecha;coincide;leido_sin_hallazgo;"Se leyeron 25 líneas y no aparece una fecha de vencimiento."
JTYK-88;laminas_seguridad;;ILEGIBLE;;sin fecha;sin_dictamen;;"Escaneo sin texto. Se extrajo la página para leerla a ojo."
JTYK-88;mant_hidraulico;;ILEGIBLE;;sin fecha;sin_dictamen;;"Escaneo sin texto. Se extrajo la página para leerla a ojo."
JTYK-88;mantencion;;ILEGIBLE;;2026-07-29;sin_dictamen;;"Escaneo sin texto. Se extrajo la página para leerla a ojo."
JTYK-88;operatividad;;NO_DECLARA;SIN VENCIMIENTO;2027-09-19;sistema_tiene_fecha_que_el_papel_no_dice;leido_sin_hallazgo;"Se leyeron 29 líneas y no aparece una fecha de vencimiento."
JTYK-88;padron;;NO_CADUCA;;sin fecha;coincide;tipo_no_caduca;"Papel de identidad del equipo: no tiene vencimiento."
JTYK-88;sist_riego;;ILEGIBLE;;2027-07-06;sin_dictamen;;"Escaneo sin texto y sin imagen recuperable del PDF."
JTYK-88;tacografo;;NO_DECLARA;SIN VENCIMIENTO;sin fecha;coincide;leido_sin_hallazgo;"Se leyeron 22 líneas y no aparece una fecha de vencimiento."
JTYK-88;torque_ruedas;;NO_DECLARA;SIN VENCIMIENTO;2027-09-04;sistema_tiene_fecha_que_el_papel_no_dice;leido_sin_hallazgo;"Se leyeron 24 líneas y no aparece una fecha de vencimiento."
KCBY-30;aire_acondicionado;;ILEGIBLE;;2026-11-13;sin_dictamen;;"Escaneo sin texto. Se extrajo la página para leerla a ojo."
KCBY-30;analisis_gases;;DECLARA;2026-06-10;2026-06-10;coincide;etiqueta_y_fila;"FIRMA ELECTRONICA AVANZADA RESULTADO: REVISIÓN TÉCNICA VALIDA HASTA: → 10 JUNIO 2026 |23/12/2025 10:03:08"
KCBY-30;ausencia_falla_ecm;;ILEGIBLE;;2026-11-13;sin_dictamen;;"Escaneo sin texto. Se extrajo la página para leerla a ojo."
KCBY-30;cert_cabina;;ILEGIBLE;;sin fecha;sin_dictamen;;"Escaneo sin texto. Se extrajo la página para leerla a ojo."
KCBY-30;ficha_tecnica;;NO_CADUCA;;sin fecha;coincide;tipo_no_caduca;"Papel de identidad del equipo: no tiene vencimiento."
KCBY-30;gps;;NO_DECLARA;SIN VENCIMIENTO;2022-09-30;sistema_tiene_fecha_que_el_papel_no_dice;leido_sin_hallazgo;"Se leyeron 19 líneas y no aparece una fecha de vencimiento."
KCBY-30;grilletes_eslingas;;ILEGIBLE;;sin fecha;sin_dictamen;;"Escaneo sin texto. Se extrajo la página para leerla a ojo."
KCBY-30;inscripcion_rnvm;;NO_CADUCA;;sin fecha;coincide;tipo_no_caduca;"Papel de identidad del equipo: no tiene vencimiento."
KCBY-30;inventario_neumaticos;;NO_DECLARA;SIN VENCIMIENTO;sin fecha;coincide;leido_sin_hallazgo;"Se leyeron 25 líneas y no aparece una fecha de vencimiento."
KCBY-30;laminas_seguridad;;ILEGIBLE;;sin fecha;sin_dictamen;;"Escaneo sin texto. Se extrajo la página para leerla a ojo."
KCBY-30;mant_hidraulico;;ILEGIBLE;;sin fecha;sin_dictamen;;"Escaneo sin texto. Se extrajo la página para leerla a ojo."
KCBY-30;mantencion;;ILEGIBLE;;2026-11-14;sin_dictamen;;"Escaneo sin texto. Se extrajo la página para leerla a ojo."
KCBY-30;operatividad;;ILEGIBLE;;2026-11-14;sin_dictamen;;"Escaneo sin texto. Se extrajo la página para leerla a ojo."
KCBY-30;padron;;NO_CADUCA;;sin fecha;coincide;tipo_no_caduca;"Papel de identidad del equipo: no tiene vencimiento."
KCBY-30;seguro_rc;;NO_DECLARA;SIN VENCIMIENTO;2028-08-27;sistema_tiene_fecha_que_el_papel_no_dice;leido_sin_hallazgo;"Se leyeron 28 líneas y no aparece una fecha de vencimiento."
KCBY-30;sist_riego;;ILEGIBLE;;2026-11-13;sin_dictamen;;"Escaneo sin texto. Se extrajo la página para leerla a ojo."
KCBY-30;tacografo;;ILEGIBLE;;sin fecha;sin_dictamen;;"Escaneo sin texto. Se extrajo la página para leerla a ojo."
KCBY-30;torque_ruedas;;NO_DECLARA;SIN VENCIMIENTO;2027-09-20;sistema_tiene_fecha_que_el_papel_no_dice;leido_sin_hallazgo;"Se leyeron 24 líneas y no aparece una fecha de vencimiento."
KCBY-31;aire_acondicionado;;ILEGIBLE;;sin fecha;sin_dictamen;;"Escaneo sin texto y sin imagen recuperable del PDF."
KCBY-31;analisis_gases;;ILEGIBLE;;2026-01-09;sin_dictamen;;"Escaneo sin texto. Se extrajo la página para leerla a ojo."
KCBY-31;ausencia_falla_ecm;;ILEGIBLE;;2027-08-17;sin_dictamen;;"Escaneo sin texto y sin imagen recuperable del PDF."
KCBY-31;cert_cabina;;NO_DECLARA;SIN VENCIMIENTO;sin fecha;coincide;leido_sin_hallazgo;"Se leyeron 25 líneas y no aparece una fecha de vencimiento."
KCBY-31;ficha_tecnica;;NO_CADUCA;;sin fecha;coincide;tipo_no_caduca;"Papel de identidad del equipo: no tiene vencimiento."
KCBY-31;inscripcion_rnvm;;NO_CADUCA;;sin fecha;coincide;tipo_no_caduca;"Papel de identidad del equipo: no tiene vencimiento."
KCBY-31;inventario_neumaticos;;NO_DECLARA;SIN VENCIMIENTO;2027-09-24;sistema_tiene_fecha_que_el_papel_no_dice;leido_sin_hallazgo;"Se leyeron 25 líneas y no aparece una fecha de vencimiento."
KCBY-31;laminas_seguridad;;ILEGIBLE;;sin fecha;sin_dictamen;;"Escaneo sin texto. Se extrajo la página para leerla a ojo."
KCBY-31;mant_hidraulico;;NO_DECLARA;SIN VENCIMIENTO;sin fecha;coincide;leido_sin_hallazgo;"Se leyeron 28 líneas y no aparece una fecha de vencimiento."
KCBY-31;mantencion;;ILEGIBLE;;2027-08-17;sin_dictamen;;"Escaneo sin texto. Se extrajo la página para leerla a ojo."
KCBY-31;operatividad;;NO_DECLARA;SIN VENCIMIENTO;sin fecha;coincide;leido_sin_hallazgo;"Se leyeron 18 líneas y no aparece una fecha de vencimiento."
KCBY-31;padron;;NO_CADUCA;;sin fecha;coincide;tipo_no_caduca;"Papel de identidad del equipo: no tiene vencimiento."
KCBY-31;seguro_rc;;NO_DECLARA;SIN VENCIMIENTO;2028-08-27;sistema_tiene_fecha_que_el_papel_no_dice;leido_sin_hallazgo;"Se leyeron 28 líneas y no aparece una fecha de vencimiento."
KCBY-31;sist_riego;;NO_DECLARA;SIN VENCIMIENTO;2027-09-24;sistema_tiene_fecha_que_el_papel_no_dice;leido_sin_hallazgo;"Se leyeron 21 líneas y no aparece una fecha de vencimiento."
KCBY-31;tacografo;;ILEGIBLE;;sin fecha;sin_dictamen;;"Escaneo sin texto y sin imagen recuperable del PDF."
KCBY-31;torque_ruedas;;ILEGIBLE;;2027-08-12;sin_dictamen;;"Escaneo sin texto y sin imagen recuperable del PDF."
KVDK-20;inventario_neumaticos;;NO_DECLARA;SIN VENCIMIENTO;sin fecha;coincide;leido_sin_hallazgo;"Se leyeron 19 líneas y no aparece una fecha de vencimiento."
KVDK-20;seguro_rc;;NO_DECLARA;SIN VENCIMIENTO;2028-08-27;sistema_tiene_fecha_que_el_papel_no_dice;leido_sin_hallazgo;"Se leyeron 28 líneas y no aparece una fecha de vencimiento."
KVDK-21;inscripcion_rnvm;;NO_CADUCA;;sin fecha;coincide;tipo_no_caduca;"Papel de identidad del equipo: no tiene vencimiento."
KVDK-21;mantencion;;NO_DECLARA;SIN VENCIMIENTO;sin fecha;coincide;leido_sin_hallazgo;"Se leyeron 61 líneas y no aparece una fecha de vencimiento."
KVDK-21;padron;;NO_CADUCA;;sin fecha;coincide;tipo_no_caduca;"Papel de identidad del equipo: no tiene vencimiento."
KVDK-21;seguro_rc;;NO_DECLARA;SIN VENCIMIENTO;2028-08-27;sistema_tiene_fecha_que_el_papel_no_dice;leido_sin_hallazgo;"Se leyeron 28 líneas y no aparece una fecha de vencimiento."
KVWD-27;aire_acondicionado;;ILEGIBLE;;2026-11-17;sin_dictamen;;"Escaneo sin texto. Se extrajo la página para leerla a ojo."
KVWD-27;analisis_gases;;DECLARA;2026-05-14;2026-05-14;coincide;etiqueta_y_fila;"VALIDA HASTA → 14 MAYO 2026"
KVWD-27;ausencia_falla_ecm;;ILEGIBLE;;2026-11-17;sin_dictamen;;"Escaneo sin texto. Se extrajo la página para leerla a ojo."
KVWD-27;calibracion;;ILEGIBLE;;2026-11-04;sin_dictamen;;"Escaneo sin texto. Se extrajo la página para leerla a ojo."
KVWD-27;cert_cabina;;ILEGIBLE;;sin fecha;sin_dictamen;;"Escaneo sin texto. Se extrajo la página para leerla a ojo."
KVWD-27;ficha_tecnica;;NO_CADUCA;;sin fecha;coincide;tipo_no_caduca;"Papel de identidad del equipo: no tiene vencimiento."
KVWD-27;flujo_descarga;;ILEGIBLE;;2026-11-04;sin_dictamen;;"Escaneo sin texto. Se extrajo la página para leerla a ojo."
KVWD-27;inscripcion_sec;;ILEGIBLE;;sin fecha;sin_dictamen;;"Escaneo sin texto. Se extrajo la página para leerla a ojo."
KVWD-27;inventario_neumaticos;;NO_DECLARA;SIN VENCIMIENTO;2027-03-31;sistema_tiene_fecha_que_el_papel_no_dice;leido_sin_hallazgo;"Se leyeron 22 líneas y no aparece una fecha de vencimiento."
KVWD-27;laminas_seguridad;;ILEGIBLE;;sin fecha;sin_dictamen;;"Escaneo sin texto. Se extrajo la página para leerla a ojo."
KVWD-27;mantencion;;NO_DECLARA;SIN VENCIMIENTO;2023-01-21;sistema_tiene_fecha_que_el_papel_no_dice;leido_sin_hallazgo;"Se leyeron 22 líneas y no aparece una fecha de vencimiento."
KVWD-27;operatividad;;ILEGIBLE;;2026-11-17;sin_dictamen;;"Escaneo sin texto. Se extrajo la página para leerla a ojo."
KVWD-27;optico_sobrellenado;;NO_DECLARA;SIN VENCIMIENTO;sin fecha;coincide;leido_sin_hallazgo;"Se leyeron 27 líneas y no aparece una fecha de vencimiento."
KVWD-27;seguro_rc;;NO_DECLARA;SIN VENCIMIENTO;2028-08-27;sistema_tiene_fecha_que_el_papel_no_dice;leido_sin_hallazgo;"Se leyeron 28 líneas y no aparece una fecha de vencimiento."
KVWD-27;tacografo;;NO_DECLARA;SIN VENCIMIENTO;sin fecha;coincide;leido_sin_hallazgo;"Se leyeron 23 líneas y no aparece una fecha de vencimiento."
KVWD-27;torque_ruedas;;ILEGIBLE;;2026-11-17;sin_dictamen;;"Escaneo sin texto. Se extrajo la página para leerla a ojo."
KVWW-68;analisis_gases;;ILEGIBLE;;2027-02-11;sin_dictamen;;"Escaneo sin texto y sin imagen recuperable del PDF."
KVWW-68;cert_cabina;;ILEGIBLE;;2027-01-15;sin_dictamen;;"Escaneo sin texto y sin imagen recuperable del PDF."
KVWW-68;ficha_tecnica;;NO_CADUCA;;sin fecha;coincide;tipo_no_caduca;"Papel de identidad del equipo: no tiene vencimiento."
KVWW-68;grilletes_eslingas;;ILEGIBLE;;sin fecha;sin_dictamen;;"Escaneo sin texto. Se extrajo la página para leerla a ojo."
KVWW-68;inscripcion_rnvm;;NO_CADUCA;;sin fecha;coincide;tipo_no_caduca;"Papel de identidad del equipo: no tiene vencimiento."
KVWW-68;laminas_seguridad;;ILEGIBLE;;sin fecha;sin_dictamen;;"Escaneo sin texto. Se extrajo la página para leerla a ojo."
KVWW-68;mantencion;;ILEGIBLE;;2026-09-30;sin_dictamen;;"Escaneo sin texto y sin imagen recuperable del PDF."
KVWW-68;operatividad;;ILEGIBLE;;sin fecha;sin_dictamen;;"Escaneo sin texto. Se extrajo la página para leerla a ojo."
KVWW-68;seguro_rc;;NO_DECLARA;SIN VENCIMIENTO;2028-08-27;sistema_tiene_fecha_que_el_papel_no_dice;leido_sin_hallazgo;"Se leyeron 28 líneas y no aparece una fecha de vencimiento."
KVWW-69;aire_acondicionado;;NO_DECLARA;SIN VENCIMIENTO;2027-09-12;sistema_tiene_fecha_que_el_papel_no_dice;leido_sin_hallazgo;"Se leyeron 21 líneas y no aparece una fecha de vencimiento."
KVWW-69;analisis_gases;;ILEGIBLE;;2027-02-12;sin_dictamen;;"Escaneo sin texto y sin imagen recuperable del PDF."
KVWW-69;ausencia_falla_ecm;;NO_DECLARA;SIN VENCIMIENTO;sin fecha;coincide;leido_sin_hallazgo;"Se leyeron 22 líneas y no aparece una fecha de vencimiento."
KVWW-69;cert_cabina;;ILEGIBLE;;sin fecha;sin_dictamen;;"Escaneo sin texto. Se extrajo la página para leerla a ojo."
KVWW-69;ficha_tecnica;;NO_CADUCA;;sin fecha;coincide;tipo_no_caduca;"Papel de identidad del equipo: no tiene vencimiento."
KVWW-69;grilletes_eslingas;;NO_DECLARA;SIN VENCIMIENTO;sin fecha;coincide;leido_sin_hallazgo;"Se leyeron 19 líneas y no aparece una fecha de vencimiento."
KVWW-69;inscripcion_rnvm;;NO_CADUCA;;sin fecha;coincide;tipo_no_caduca;"Papel de identidad del equipo: no tiene vencimiento."
KVWW-69;inventario_neumaticos;;NO_DECLARA;SIN VENCIMIENTO;2027-03-31;sistema_tiene_fecha_que_el_papel_no_dice;leido_sin_hallazgo;"Se leyeron 39 líneas y no aparece una fecha de vencimiento."
KVWW-69;laminas_seguridad;;ILEGIBLE;;sin fecha;sin_dictamen;;"Escaneo sin texto. Se extrajo la página para leerla a ojo."
KVWW-69;mant_hidraulico;;NO_DECLARA;SIN VENCIMIENTO;sin fecha;coincide;leido_sin_hallazgo;"Se leyeron 28 líneas y no aparece una fecha de vencimiento."
KVWW-69;mantencion;;NO_DECLARA;SIN VENCIMIENTO;2026-09-30;sistema_tiene_fecha_que_el_papel_no_dice;leido_sin_hallazgo;"Se leyeron 20 líneas y no aparece una fecha de vencimiento."
KVWW-69;operatividad;;NO_DECLARA;SIN VENCIMIENTO;2027-09-12;sistema_tiene_fecha_que_el_papel_no_dice;leido_sin_hallazgo;"Se leyeron 29 líneas y no aparece una fecha de vencimiento."
KVWW-69;seguro_rc;;NO_DECLARA;SIN VENCIMIENTO;2028-08-27;sistema_tiene_fecha_que_el_papel_no_dice;leido_sin_hallazgo;"Se leyeron 28 líneas y no aparece una fecha de vencimiento."
KVWW-69;sist_riego;;NO_DECLARA;SIN VENCIMIENTO;2027-09-09;sistema_tiene_fecha_que_el_papel_no_dice;leido_sin_hallazgo;"Se leyeron 22 líneas y no aparece una fecha de vencimiento."
KVWW-69;tacografo;;NO_DECLARA;SIN VENCIMIENTO;sin fecha;coincide;leido_sin_hallazgo;"Se leyeron 23 líneas y no aparece una fecha de vencimiento."
KVWW-69;torque_ruedas;;NO_DECLARA;SIN VENCIMIENTO;2027-09-09;sistema_tiene_fecha_que_el_papel_no_dice;leido_sin_hallazgo;"Se leyeron 24 líneas y no aparece una fecha de vencimiento."
LCSX-78;aire_acondicionado;;ILEGIBLE;;2026-10-01;sin_dictamen;;"Escaneo sin texto. Se extrajo la página para leerla a ojo."
LCSX-78;analisis_gases;;ILEGIBLE;;2027-02-26;sin_dictamen;;"Escaneo sin texto y sin imagen recuperable del PDF."
LCSX-78;ausencia_falla_ecm;;ILEGIBLE;;2026-10-01;sin_dictamen;;"Escaneo sin texto. Se extrajo la página para leerla a ojo."
LCSX-78;calibracion;;ILEGIBLE;;2026-09-09;sin_dictamen;;"Escaneo sin texto. Se extrajo la página para leerla a ojo."
LCSX-78;cert_cabina;;NO_DECLARA;SIN VENCIMIENTO;sin fecha;coincide;leido_sin_hallazgo;"Se leyeron 23 líneas y no aparece una fecha de vencimiento."
LCSX-78;ficha_tecnica;;NO_CADUCA;;sin fecha;coincide;tipo_no_caduca;"Papel de identidad del equipo: no tiene vencimiento."
LCSX-78;flujo_descarga;;ILEGIBLE;;2026-09-09;sin_dictamen;;"Escaneo sin texto. Se extrajo la página para leerla a ojo."
LCSX-78;inscripcion_rnvm;;NO_CADUCA;;sin fecha;coincide;tipo_no_caduca;"Papel de identidad del equipo: no tiene vencimiento."
LCSX-78;inscripcion_sec;;NO_DECLARA;SIN VENCIMIENTO;sin fecha;coincide;leido_sin_hallazgo;"Se leyeron 69 líneas y no aparece una fecha de vencimiento."
LCSX-78;inventario_neumaticos;;NO_DECLARA;SIN VENCIMIENTO;2027-04-16;sistema_tiene_fecha_que_el_papel_no_dice;leido_sin_hallazgo;"Se leyeron 25 líneas y no aparece una fecha de vencimiento."
LCSX-78;laminas_seguridad;;ILEGIBLE;;sin fecha;sin_dictamen;;"Escaneo sin texto. Se extrajo la página para leerla a ojo."
LCSX-78;mantencion;;ILEGIBLE;;2026-07-29;sin_dictamen;;"Escaneo sin texto. Se extrajo la página para leerla a ojo."
LCSX-78;operatividad;;ILEGIBLE;;2026-11-10;sin_dictamen;;"Escaneo sin texto. Se extrajo la página para leerla a ojo."
LCSX-78;optico_sobrellenado;;ILEGIBLE;;2026-10-01;sin_dictamen;;"Escaneo sin texto. Se extrajo la página para leerla a ojo."
LCSX-78;seguro_rc;;NO_DECLARA;SIN VENCIMIENTO;2028-08-27;sistema_tiene_fecha_que_el_papel_no_dice;leido_sin_hallazgo;"Se leyeron 28 líneas y no aparece una fecha de vencimiento."
LCSX-78;tacografo;;ILEGIBLE;;sin fecha;sin_dictamen;;"Escaneo sin texto. Se extrajo la página para leerla a ojo."
LCSX-78;torque_ruedas;;ILEGIBLE;;2026-09-09;sin_dictamen;;"Escaneo sin texto. Se extrajo la página para leerla a ojo."
LKPY-18;aire_acondicionado;;ILEGIBLE;;sin fecha;sin_dictamen;;"Escaneo sin texto. Se extrajo la página para leerla a ojo."
LKPY-18;analisis_gases;;ILEGIBLE;;2026-08-18;sin_dictamen;;"Escaneo sin texto. Se extrajo la página para leerla a ojo."
LKPY-18;ausencia_falla_ecm;;ILEGIBLE;;sin fecha;sin_dictamen;;"Escaneo sin texto. Se extrajo la página para leerla a ojo."
LKPY-18;cert_cabina;;NO_DECLARA;SIN VENCIMIENTO;sin fecha;coincide;leido_sin_hallazgo;"Se leyeron 37 líneas y no aparece una fecha de vencimiento."
LKPY-18;factura_compra;;NO_CADUCA;;sin fecha;coincide;tipo_no_caduca;"Papel de identidad del equipo: no tiene vencimiento."
LKPY-18;ficha_tecnica;;NO_CADUCA;;sin fecha;coincide;tipo_no_caduca;"Papel de identidad del equipo: no tiene vencimiento."
LKPY-18;flujo_descarga;;ILEGIBLE;;sin fecha;sin_dictamen;;"Escaneo sin texto. Se extrajo la página para leerla a ojo."
LKPY-18;gps;;NO_DECLARA;SIN VENCIMIENTO;sin fecha;coincide;leido_sin_hallazgo;"Se leyeron 27 líneas y no aparece una fecha de vencimiento."
LKPY-18;inscripcion_rnvm;;NO_CADUCA;;sin fecha;coincide;tipo_no_caduca;"Papel de identidad del equipo: no tiene vencimiento."
LKPY-18;inventario_neumaticos;;NO_DECLARA;SIN VENCIMIENTO;2027-02-16;sistema_tiene_fecha_que_el_papel_no_dice;leido_sin_hallazgo;"Se leyeron 40 líneas y no aparece una fecha de vencimiento."
LKPY-18;laminas_seguridad;;ILEGIBLE;;sin fecha;sin_dictamen;;"Escaneo sin texto. Se extrajo la página para leerla a ojo."
LKPY-18;mant_hidraulico;;ILEGIBLE;;sin fecha;sin_dictamen;;"Escaneo sin texto. Se extrajo la página para leerla a ojo."
LKPY-18;mantencion;;ILEGIBLE;;sin fecha;sin_dictamen;;"Escaneo sin texto. Se extrajo la página para leerla a ojo."
LKPY-18;operatividad;;NO_DECLARA;SIN VENCIMIENTO;2027-05-12;sistema_tiene_fecha_que_el_papel_no_dice;leido_sin_hallazgo;"Se leyeron 30 líneas y no aparece una fecha de vencimiento."
LKPY-18;seguro_rc;;ILEGIBLE;;sin fecha;sin_dictamen;;"Escaneo sin texto. Se extrajo la página para leerla a ojo."
LKPY-18;sist_riego;;ILEGIBLE;;sin fecha;sin_dictamen;;"Escaneo sin texto. Se extrajo la página para leerla a ojo."
LKPY-18;tacografo;;ILEGIBLE;;sin fecha;sin_dictamen;;"Escaneo sin texto. Se extrajo la página para leerla a ojo."
LKPY-18;torque_ruedas;;NO_DECLARA;SIN VENCIMIENTO;sin fecha;coincide;leido_sin_hallazgo;"Se leyeron 24 líneas y no aparece una fecha de vencimiento."
LLBP-96;barra_antivuelco;;ILEGIBLE;;sin fecha;sin_dictamen;;"Escaneo sin texto. Se extrajo la página para leerla a ojo."
LLBP-96;ficha_tecnica;;NO_CADUCA;;sin fecha;coincide;tipo_no_caduca;"Papel de identidad del equipo: no tiene vencimiento."
LLBP-96;gps;;ILEGIBLE;;sin fecha;sin_dictamen;;"Escaneo sin texto. Se extrajo la página para leerla a ojo."
LLBP-96;inscripcion_rnvm;;NO_CADUCA;;sin fecha;coincide;tipo_no_caduca;"Papel de identidad del equipo: no tiene vencimiento."
LLBP-96;laminas_seguridad;;ILEGIBLE;;sin fecha;sin_dictamen;;"Escaneo sin texto. Se extrajo la página para leerla a ojo."
LLBP-96;mantencion;;ILEGIBLE;;2025-08-28;sin_dictamen;;"Escaneo sin texto. Se extrajo la página para leerla a ojo."
LLBP-96;seguro_rc;;NO_DECLARA;SIN VENCIMIENTO;2028-08-27;sistema_tiene_fecha_que_el_papel_no_dice;leido_sin_hallazgo;"Se leyeron 28 líneas y no aparece una fecha de vencimiento."
RSCY-85;aire_acondicionado;;NO_DECLARA;SIN VENCIMIENTO;sin fecha;coincide;leido_sin_hallazgo;"Se leyeron 20 líneas y no aparece una fecha de vencimiento."
RSCY-85;analisis_gases;;ILEGIBLE;;2027-01-30;sin_dictamen;;"El archivo es una imagen PNG, no un PDF. Hay que leerla a ojo."
RSCY-85;ausencia_falla_ecm;;NO_DECLARA;SIN VENCIMIENTO;sin fecha;coincide;leido_sin_hallazgo;"Se leyeron 22 líneas y no aparece una fecha de vencimiento."
RSCY-85;calibracion;;NO_DECLARA;SIN VENCIMIENTO;sin fecha;coincide;leido_sin_hallazgo;"Se leyeron 27 líneas y no aparece una fecha de vencimiento."
RSCY-85;cert_cabina;;NO_DECLARA;SIN VENCIMIENTO;sin fecha;coincide;leido_sin_hallazgo;"Se leyeron 25 líneas y no aparece una fecha de vencimiento."
RSCY-85;factura_compra;;NO_CADUCA;;sin fecha;coincide;tipo_no_caduca;"Papel de identidad del equipo: no tiene vencimiento."
RSCY-85;ficha_tecnica;;NO_CADUCA;;sin fecha;coincide;tipo_no_caduca;"Papel de identidad del equipo: no tiene vencimiento."
RSCY-85;flujo_descarga;;NO_DECLARA;SIN VENCIMIENTO;sin fecha;coincide;leido_sin_hallazgo;"Se leyeron 21 líneas y no aparece una fecha de vencimiento."
RSCY-85;gps;;NO_DECLARA;SIN VENCIMIENTO;2027-03-19;sistema_tiene_fecha_que_el_papel_no_dice;leido_sin_hallazgo;"Se leyeron 27 líneas y no aparece una fecha de vencimiento."
RSCY-85;inscripcion_rnvm;;NO_CADUCA;;sin fecha;coincide;tipo_no_caduca;"Papel de identidad del equipo: no tiene vencimiento."
RSCY-85;inscripcion_sec;;NO_DECLARA;SIN VENCIMIENTO;sin fecha;coincide;leido_sin_hallazgo;"Se leyeron 69 líneas y no aparece una fecha de vencimiento."
RSCY-85;inventario_neumaticos;;NO_DECLARA;SIN VENCIMIENTO;2027-02-20;sistema_tiene_fecha_que_el_papel_no_dice;leido_sin_hallazgo;"Se leyeron 50 líneas y no aparece una fecha de vencimiento."
RSCY-85;laminas_seguridad;;ILEGIBLE;;sin fecha;sin_dictamen;;"Escaneo sin texto. Se extrajo la página para leerla a ojo."
RSCY-85;mantencion;;NO_DECLARA;SIN VENCIMIENTO;2027-12-31;sistema_tiene_fecha_que_el_papel_no_dice;leido_sin_hallazgo;"Se leyeron 20 líneas y no aparece una fecha de vencimiento."
RSCY-85;operatividad;;ILEGIBLE;;2027-02-03;sin_dictamen;;"El archivo es una imagen JPG, no un PDF. Hay que leerla a ojo."
RSCY-85;seguro_rc;;NO_DECLARA;SIN VENCIMIENTO;2028-08-27;sistema_tiene_fecha_que_el_papel_no_dice;leido_sin_hallazgo;"Se leyeron 28 líneas y no aparece una fecha de vencimiento."
RSCY-85;tacografo;;NO_DECLARA;SIN VENCIMIENTO;sin fecha;coincide;leido_sin_hallazgo;"Se leyeron 22 líneas y no aparece una fecha de vencimiento."
RSCY-86;aire_acondicionado;;NO_DECLARA;SIN VENCIMIENTO;2027-04-22;sistema_tiene_fecha_que_el_papel_no_dice;leido_sin_hallazgo;"Se leyeron 21 líneas y no aparece una fecha de vencimiento."
RSCY-86;analisis_gases;;ILEGIBLE;;2026-11-08;sin_dictamen;;"Escaneo sin texto y sin imagen recuperable del PDF."
RSCY-86;ausencia_falla_ecm;;NO_DECLARA;SIN VENCIMIENTO;sin fecha;coincide;leido_sin_hallazgo;"Se leyeron 23 líneas y no aparece una fecha de vencimiento."
RSCY-86;calibracion;;NO_DECLARA;SIN VENCIMIENTO;sin fecha;coincide;leido_sin_hallazgo;"Se leyeron 27 líneas y no aparece una fecha de vencimiento."
RSCY-86;cert_cabina;;NO_DECLARA;SIN VENCIMIENTO;sin fecha;coincide;leido_sin_hallazgo;"Se leyeron 25 líneas y no aparece una fecha de vencimiento."
RSCY-86;factura_compra;;NO_CADUCA;;sin fecha;coincide;tipo_no_caduca;"Papel de identidad del equipo: no tiene vencimiento."
RSCY-86;ficha_tecnica;;NO_CADUCA;;sin fecha;coincide;tipo_no_caduca;"Papel de identidad del equipo: no tiene vencimiento."
RSCY-86;flujo_descarga;;NO_DECLARA;SIN VENCIMIENTO;sin fecha;coincide;leido_sin_hallazgo;"Se leyeron 19 líneas y no aparece una fecha de vencimiento."
RSCY-86;gps;;NO_DECLARA;SIN VENCIMIENTO;2027-08-12;sistema_tiene_fecha_que_el_papel_no_dice;leido_sin_hallazgo;"Se leyeron 27 líneas y no aparece una fecha de vencimiento."
RSCY-86;hermeticidad;;ILEGIBLE;;2027-10-21;sin_dictamen;;"Escaneo sin texto. Se extrajo la página para leerla a ojo."
RSCY-86;inscripcion_rnvm;;NO_CADUCA;;sin fecha;coincide;tipo_no_caduca;"Papel de identidad del equipo: no tiene vencimiento."
RSCY-86;inscripcion_sec;;NO_DECLARA;SIN VENCIMIENTO;sin fecha;coincide;leido_sin_hallazgo;"Se leyeron 69 líneas y no aparece una fecha de vencimiento."
RSCY-86;inventario_neumaticos;;ILEGIBLE;;2027-05-11;sin_dictamen;;"Escaneo sin texto y sin imagen recuperable del PDF."
RSCY-86;laminas_seguridad;;NO_DECLARA;SIN VENCIMIENTO;sin fecha;coincide;leido_sin_hallazgo;"Se leyeron 18 líneas y no aparece una fecha de vencimiento."
RSCY-86;mantencion;;ILEGIBLE;;2026-10-11;sin_dictamen;;"Escaneo sin texto y sin imagen recuperable del PDF."
RSCY-86;operatividad;;NO_DECLARA;SIN VENCIMIENTO;2027-04-23;sistema_tiene_fecha_que_el_papel_no_dice;leido_sin_hallazgo;"Se leyeron 40 líneas y no aparece una fecha de vencimiento."
RSCY-86;optico_sobrellenado;;NO_DECLARA;SIN VENCIMIENTO;sin fecha;coincide;leido_sin_hallazgo;"Se leyeron 27 líneas y no aparece una fecha de vencimiento."
RSCY-86;seguro_rc;;NO_DECLARA;SIN VENCIMIENTO;2028-08-27;sistema_tiene_fecha_que_el_papel_no_dice;leido_sin_hallazgo;"Se leyeron 28 líneas y no aparece una fecha de vencimiento."
RSCY-86;tacografo;;NO_DECLARA;SIN VENCIMIENTO;sin fecha;coincide;leido_sin_hallazgo;"Se leyeron 24 líneas y no aparece una fecha de vencimiento."
RSCY-86;tc8_sec;;ILEGIBLE;;sin fecha;sin_dictamen;;"Escaneo sin texto. Se extrajo la página para leerla a ojo."
RSCY-86;torque_ruedas;;ILEGIBLE;;2027-02-12;sin_dictamen;;"Escaneo sin texto y sin imagen recuperable del PDF."
RZPC-83;aire_acondicionado;;ILEGIBLE;;sin fecha;sin_dictamen;;"Escaneo sin texto. Se extrajo la página para leerla a ojo."
RZPC-83;barra_antivuelco;;ILEGIBLE;;2026-03-20;sin_dictamen;;"Escaneo sin texto y sin imagen recuperable del PDF."
RZPC-83;factura_compra;;NO_CADUCA;;sin fecha;coincide;tipo_no_caduca;"Papel de identidad del equipo: no tiene vencimiento."
RZPC-83;ficha_tecnica;;NO_CADUCA;;sin fecha;coincide;tipo_no_caduca;"Papel de identidad del equipo: no tiene vencimiento."
RZPC-83;laminas_seguridad;;NO_DECLARA;SIN VENCIMIENTO;sin fecha;coincide;leido_sin_hallazgo;"Se leyeron 18 líneas y no aparece una fecha de vencimiento."
RZPC-83;mantencion;;NO_DECLARA;SIN VENCIMIENTO;2027-05-05;sistema_tiene_fecha_que_el_papel_no_dice;leido_sin_hallazgo;"Se leyeron 24 líneas y no aparece una fecha de vencimiento."
RZPC-83;operatividad;;ILEGIBLE;;sin fecha;sin_dictamen;;"Escaneo sin texto. Se extrajo la página para leerla a ojo."
RZPC-83;seguro_rc;;NO_DECLARA;SIN VENCIMIENTO;sin fecha;coincide;leido_sin_hallazgo;"Se leyeron 516 líneas y no aparece una fecha de vencimiento."
RZPC-83;torque_ruedas;;ILEGIBLE;;sin fecha;sin_dictamen;;"Escaneo sin texto. Se extrajo la página para leerla a ojo."
SBPG-12;aire_acondicionado;;ILEGIBLE;;sin fecha;sin_dictamen;;"Escaneo sin texto. Se extrajo la página para leerla a ojo."
SBPG-12;ausencia_falla_ecm;;ILEGIBLE;;sin fecha;sin_dictamen;;"Escaneo sin texto. Se extrajo la página para leerla a ojo."
SBPG-12;barra_antivuelco;;ILEGIBLE;;2026-03-20;sin_dictamen;;"Escaneo sin texto. Se extrajo la página para leerla a ojo."
SBPG-12;ficha_tecnica;;NO_CADUCA;;sin fecha;coincide;tipo_no_caduca;"Papel de identidad del equipo: no tiene vencimiento."
SBPG-12;gps;;NO_DECLARA;SIN VENCIMIENTO;sin fecha;coincide;leido_sin_hallazgo;"Se leyeron 27 líneas y no aparece una fecha de vencimiento."
SBPG-12;laminas_seguridad;;NO_DECLARA;SIN VENCIMIENTO;sin fecha;coincide;leido_sin_hallazgo;"Se leyeron 18 líneas y no aparece una fecha de vencimiento."
SBPG-12;mantencion;;NO_DECLARA;SIN VENCIMIENTO;sin fecha;coincide;leido_sin_hallazgo;"Se leyeron 290 líneas y no aparece una fecha de vencimiento."
SBPG-12;operatividad;;ILEGIBLE;;2025-07-11;sin_dictamen;;"Escaneo sin texto. Se extrajo la página para leerla a ojo."
SBPG-12;seguro_rc;;NO_DECLARA;SIN VENCIMIENTO;sin fecha;coincide;leido_sin_hallazgo;"Se leyeron 756 líneas y no aparece una fecha de vencimiento."
SBPG-12;torque_ruedas;;ILEGIBLE;;sin fecha;sin_dictamen;;"Escaneo sin texto. Se extrajo la página para leerla a ojo."
SLRK-82;factura_compra;;NO_CADUCA;;sin fecha;coincide;tipo_no_caduca;"Papel de identidad del equipo: no tiene vencimiento."
SLRK-82;mantencion;;NO_DECLARA;SIN VENCIMIENTO;sin fecha;coincide;leido_sin_hallazgo;"Se leyeron 61 líneas y no aparece una fecha de vencimiento."
SLRK-82;seguro_rc;;ILEGIBLE;;sin fecha;sin_dictamen;;"Escaneo sin texto. Se extrajo la página para leerla a ojo."
SPRY-26;barra_antivuelco;;ILEGIBLE;;2026-03-20;sin_dictamen;;"Escaneo sin texto. Se extrajo la página para leerla a ojo."
SPRY-26;factura_compra;;NO_CADUCA;;sin fecha;coincide;tipo_no_caduca;"Papel de identidad del equipo: no tiene vencimiento."
SPRY-26;ficha_tecnica;;NO_CADUCA;;sin fecha;coincide;tipo_no_caduca;"Papel de identidad del equipo: no tiene vencimiento."
SPRY-26;gps;;NO_DECLARA;SIN VENCIMIENTO;sin fecha;coincide;leido_sin_hallazgo;"Se leyeron 27 líneas y no aparece una fecha de vencimiento."
SPRY-26;inscripcion_rnvm;;NO_CADUCA;;sin fecha;coincide;tipo_no_caduca;"Papel de identidad del equipo: no tiene vencimiento."
SPRY-26;laminas_seguridad;;NO_DECLARA;SIN VENCIMIENTO;sin fecha;coincide;leido_sin_hallazgo;"Se leyeron 18 líneas y no aparece una fecha de vencimiento."
SPRY-26;mantencion;;ILEGIBLE;;2024-05-21;sin_dictamen;;"Escaneo sin texto. Se extrajo la página para leerla a ojo."
SPRY-26;operatividad;;ILEGIBLE;;sin fecha;sin_dictamen;;"Escaneo sin texto. Se extrajo la página para leerla a ojo."
SPRY-26;padron;;NO_CADUCA;;sin fecha;coincide;tipo_no_caduca;"Papel de identidad del equipo: no tiene vencimiento."
SPRY-26;seguro_rc;;NO_DECLARA;SIN VENCIMIENTO;2028-08-27;sistema_tiene_fecha_que_el_papel_no_dice;leido_sin_hallazgo;"Se leyeron 28 líneas y no aparece una fecha de vencimiento."
SPRY-28;barra_antivuelco;;ILEGIBLE;;2026-03-20;sin_dictamen;;"Escaneo sin texto. Se extrajo la página para leerla a ojo."
SPRY-28;factura_compra;;NO_CADUCA;;sin fecha;coincide;tipo_no_caduca;"Papel de identidad del equipo: no tiene vencimiento."
SPRY-28;ficha_tecnica;;NO_CADUCA;;sin fecha;coincide;tipo_no_caduca;"Papel de identidad del equipo: no tiene vencimiento."
SPRY-28;gps;;NO_DECLARA;SIN VENCIMIENTO;sin fecha;coincide;leido_sin_hallazgo;"Se leyeron 27 líneas y no aparece una fecha de vencimiento."
SPRY-28;inscripcion_rnvm;;NO_CADUCA;;sin fecha;coincide;tipo_no_caduca;"Papel de identidad del equipo: no tiene vencimiento."
SPRY-28;laminas_seguridad;;NO_DECLARA;SIN VENCIMIENTO;sin fecha;coincide;leido_sin_hallazgo;"Se leyeron 18 líneas y no aparece una fecha de vencimiento."
SPRY-28;mantencion;;ILEGIBLE;;2026-10-05;sin_dictamen;;"Escaneo sin texto. Se extrajo la página para leerla a ojo."
SPRY-28;operatividad;;ILEGIBLE;;sin fecha;sin_dictamen;;"Escaneo sin texto. Se extrajo la página para leerla a ojo."
SPRY-28;padron;;NO_CADUCA;;sin fecha;coincide;tipo_no_caduca;"Papel de identidad del equipo: no tiene vencimiento."
SPRY-28;seguro_rc;;NO_DECLARA;SIN VENCIMIENTO;2028-08-27;sistema_tiene_fecha_que_el_papel_no_dice;leido_sin_hallazgo;"Se leyeron 28 líneas y no aparece una fecha de vencimiento."
SPRY-29;factura_compra;;NO_CADUCA;;sin fecha;coincide;tipo_no_caduca;"Papel de identidad del equipo: no tiene vencimiento."
SPRY-29;inscripcion_rnvm;;NO_CADUCA;;sin fecha;coincide;tipo_no_caduca;"Papel de identidad del equipo: no tiene vencimiento."
SPRY-29;padron;;NO_CADUCA;;sin fecha;coincide;tipo_no_caduca;"Papel de identidad del equipo: no tiene vencimiento."
SPRY-29;seguro_rc;;NO_DECLARA;SIN VENCIMIENTO;sin fecha;coincide;leido_sin_hallazgo;"Se leyeron 965 líneas y no aparece una fecha de vencimiento."
SURT-PC-002;calibracion;;ERROR;;2026-04-10;sin_dictamen;;"Failed to parse URL from /certificaciones/demo/cal_surt_pc_002.pdf"
SURT-PE-001;calibracion;;ERROR;;2026-07-10;sin_dictamen;;"Failed to parse URL from /certificaciones/demo/cal_surt_pe_001.pdf"
SVBJ-55;aire_acondicionado;;ILEGIBLE;;sin fecha;sin_dictamen;;"Escaneo sin texto. Se extrajo la página para leerla a ojo."
SVBJ-55;analisis_gases;;ILEGIBLE;;2026-12-26;sin_dictamen;;"Escaneo sin texto. Se extrajo la página para leerla a ojo."
SVBJ-55;ausencia_falla_ecm;;NO_DECLARA;SIN VENCIMIENTO;sin fecha;coincide;leido_sin_hallazgo;"Se leyeron 21 líneas y no aparece una fecha de vencimiento."
SVBJ-55;cert_cabina;;NO_DECLARA;SIN VENCIMIENTO;sin fecha;coincide;leido_sin_hallazgo;"Se leyeron 36 líneas y no aparece una fecha de vencimiento."
SVBJ-55;factura_compra;;NO_CADUCA;;sin fecha;coincide;tipo_no_caduca;"Papel de identidad del equipo: no tiene vencimiento."
SVBJ-55;ficha_tecnica;;NO_CADUCA;;sin fecha;coincide;tipo_no_caduca;"Papel de identidad del equipo: no tiene vencimiento."
SVBJ-55;gps;;NO_DECLARA;SIN VENCIMIENTO;sin fecha;coincide;leido_sin_hallazgo;"Se leyeron 11 líneas y no aparece una fecha de vencimiento."
SVBJ-55;hermeticidad;;ILEGIBLE;;sin fecha;sin_dictamen;;"Escaneo sin texto. Se extrajo la página para leerla a ojo."
SVBJ-55;homologacion;;NO_CADUCA;;sin fecha;coincide;tipo_no_caduca;"Papel de identidad del equipo: no tiene vencimiento."
SVBJ-55;inscripcion_rnvm;;NO_CADUCA;;sin fecha;coincide;tipo_no_caduca;"Papel de identidad del equipo: no tiene vencimiento."
SVBJ-55;inventario_neumaticos;;NO_DECLARA;SIN VENCIMIENTO;sin fecha;coincide;leido_sin_hallazgo;"Se leyeron 25 líneas y no aparece una fecha de vencimiento."
SVBJ-55;laminas_seguridad;;NO_DECLARA;SIN VENCIMIENTO;2025-03-30;sistema_tiene_fecha_que_el_papel_no_dice;leido_sin_hallazgo;"Se leyeron 30 líneas y no aparece una fecha de vencimiento."
SVBJ-55;mant_hidraulico;;NO_DECLARA;SIN VENCIMIENTO;sin fecha;coincide;leido_sin_hallazgo;"Se leyeron 27 líneas y no aparece una fecha de vencimiento."
SVBJ-55;mantencion;;ILEGIBLE;;2027-07-03;sin_dictamen;;"Escaneo sin texto. Se extrajo la página para leerla a ojo."
SVBJ-55;operatividad;;NO_DECLARA;SIN VENCIMIENTO;2026-11-28;sistema_tiene_fecha_que_el_papel_no_dice;leido_sin_hallazgo;"Se leyeron 29 líneas y no aparece una fecha de vencimiento."
SVBJ-55;padron;;NO_CADUCA;;sin fecha;coincide;tipo_no_caduca;"Papel de identidad del equipo: no tiene vencimiento."
SVBJ-55;seguro_rc;;NO_DECLARA;SIN VENCIMIENTO;2028-08-27;sistema_tiene_fecha_que_el_papel_no_dice;leido_sin_hallazgo;"Se leyeron 28 líneas y no aparece una fecha de vencimiento."
SVBJ-55;sist_riego;;NO_DECLARA;SIN VENCIMIENTO;sin fecha;coincide;leido_sin_hallazgo;"Se leyeron 24 líneas y no aparece una fecha de vencimiento."
SVBJ-55;tacografo;;NO_DECLARA;SIN VENCIMIENTO;sin fecha;coincide;leido_sin_hallazgo;"Se leyeron 23 líneas y no aparece una fecha de vencimiento."
SVBJ-55;torque_ruedas;;ILEGIBLE;;2027-01-15;sin_dictamen;;"Escaneo sin texto y sin imagen recuperable del PDF."
SVBJ-56;aire_acondicionado;;ILEGIBLE;;sin fecha;sin_dictamen;;"Escaneo sin texto. Se extrajo la página para leerla a ojo."
SVBJ-56;ausencia_falla_ecm;;ILEGIBLE;;sin fecha;sin_dictamen;;"Escaneo sin texto. Se extrajo la página para leerla a ojo."
SVBJ-56;calibracion;;ILEGIBLE;;sin fecha;sin_dictamen;;"Escaneo sin texto. Se extrajo la página para leerla a ojo."
SVBJ-56;cert_cabina;;NO_DECLARA;SIN VENCIMIENTO;sin fecha;coincide;leido_sin_hallazgo;"Se leyeron 36 líneas y no aparece una fecha de vencimiento."
SVBJ-56;factura_compra;;NO_CADUCA;;sin fecha;coincide;tipo_no_caduca;"Papel de identidad del equipo: no tiene vencimiento."
SVBJ-56;ficha_tecnica;;NO_CADUCA;;sin fecha;coincide;tipo_no_caduca;"Papel de identidad del equipo: no tiene vencimiento."
SVBJ-56;flujo_descarga;;ILEGIBLE;;sin fecha;sin_dictamen;;"Escaneo sin texto. Se extrajo la página para leerla a ojo."
SVBJ-56;gps;;NO_DECLARA;SIN VENCIMIENTO;sin fecha;coincide;leido_sin_hallazgo;"Se leyeron 27 líneas y no aparece una fecha de vencimiento."
SVBJ-56;homologacion;;NO_CADUCA;;sin fecha;coincide;tipo_no_caduca;"Papel de identidad del equipo: no tiene vencimiento."
SVBJ-56;inscripcion_rnvm;;NO_CADUCA;;sin fecha;coincide;tipo_no_caduca;"Papel de identidad del equipo: no tiene vencimiento."
SVBJ-56;inscripcion_sec;;NO_DECLARA;SIN VENCIMIENTO;sin fecha;coincide;leido_sin_hallazgo;"Se leyeron 67 líneas y no aparece una fecha de vencimiento."
SVBJ-56;inventario_neumaticos;;ILEGIBLE;;2027-01-20;sin_dictamen;;"Escaneo sin texto y sin imagen recuperable del PDF."
SVBJ-56;laminas_seguridad;;NO_DECLARA;SIN VENCIMIENTO;2026-12-31;sistema_tiene_fecha_que_el_papel_no_dice;leido_sin_hallazgo;"Se leyeron 30 líneas y no aparece una fecha de vencimiento."
SVBJ-56;mantencion;;ILEGIBLE;;2027-12-23;sin_dictamen;;"Escaneo sin texto. Se extrajo la página para leerla a ojo."
SVBJ-56;padron;;NO_CADUCA;;sin fecha;coincide;tipo_no_caduca;"Papel de identidad del equipo: no tiene vencimiento."
SVBJ-56;seguro_rc;;NO_DECLARA;SIN VENCIMIENTO;2028-08-27;sistema_tiene_fecha_que_el_papel_no_dice;leido_sin_hallazgo;"Se leyeron 28 líneas y no aparece una fecha de vencimiento."
SVBJ-56;tacografo;;ILEGIBLE;;sin fecha;sin_dictamen;;"Escaneo sin texto. Se extrajo la página para leerla a ojo."
SVBJ-57;aire_acondicionado;;ILEGIBLE;;sin fecha;sin_dictamen;;"Escaneo sin texto. Se extrajo la página para leerla a ojo."
SVBJ-57;analisis_gases;;ILEGIBLE;;2026-11-07;sin_dictamen;;"Escaneo sin texto y sin imagen recuperable del PDF."
SVBJ-57;ausencia_falla_ecm;;ILEGIBLE;;sin fecha;sin_dictamen;;"Escaneo sin texto. Se extrajo la página para leerla a ojo."
SVBJ-57;calibracion;;ILEGIBLE;;sin fecha;sin_dictamen;;"Escaneo sin texto. Se extrajo la página para leerla a ojo."
SVBJ-57;cert_cabina;;NO_DECLARA;SIN VENCIMIENTO;sin fecha;coincide;leido_sin_hallazgo;"Se leyeron 36 líneas y no aparece una fecha de vencimiento."
SVBJ-57;factura_compra;;NO_CADUCA;;sin fecha;coincide;tipo_no_caduca;"Papel de identidad del equipo: no tiene vencimiento."
SVBJ-57;ficha_tecnica;;NO_CADUCA;;sin fecha;coincide;tipo_no_caduca;"Papel de identidad del equipo: no tiene vencimiento."
SVBJ-57;flujo_descarga;;ILEGIBLE;;sin fecha;sin_dictamen;;"Escaneo sin texto. Se extrajo la página para leerla a ojo."
SVBJ-57;gps;;ILEGIBLE;;sin fecha;sin_dictamen;;"Escaneo sin texto. Se extrajo la página para leerla a ojo."
SVBJ-57;homologacion;;NO_CADUCA;;sin fecha;coincide;tipo_no_caduca;"Papel de identidad del equipo: no tiene vencimiento."
SVBJ-57;inscripcion_rnvm;;NO_CADUCA;;sin fecha;coincide;tipo_no_caduca;"Papel de identidad del equipo: no tiene vencimiento."
SVBJ-57;inscripcion_sec;;NO_DECLARA;SIN VENCIMIENTO;sin fecha;coincide;leido_sin_hallazgo;"Se leyeron 67 líneas y no aparece una fecha de vencimiento."
SVBJ-57;inventario_neumaticos;;ILEGIBLE;;2026-12-18;sin_dictamen;;"Escaneo sin texto y sin imagen recuperable del PDF."
SVBJ-57;laminas_seguridad;;NO_DECLARA;SIN VENCIMIENTO;sin fecha;coincide;leido_sin_hallazgo;"Se leyeron 30 líneas y no aparece una fecha de vencimiento."
SVBJ-57;mantencion;;ILEGIBLE;;2026-11-14;sin_dictamen;;"Escaneo sin texto y sin imagen recuperable del PDF."
SVBJ-57;operatividad;;NO_DECLARA;SIN VENCIMIENTO;2027-07-06;sistema_tiene_fecha_que_el_papel_no_dice;leido_sin_hallazgo;"Se leyeron 21 líneas y no aparece una fecha de vencimiento."
SVBJ-57;optico_sobrellenado;;ILEGIBLE;;sin fecha;sin_dictamen;;"Escaneo sin texto. Se extrajo la página para leerla a ojo."
SVBJ-57;padron;;NO_CADUCA;;sin fecha;coincide;tipo_no_caduca;"Papel de identidad del equipo: no tiene vencimiento."
SVBJ-57;seguro_rc;;NO_DECLARA;SIN VENCIMIENTO;2028-08-27;sistema_tiene_fecha_que_el_papel_no_dice;leido_sin_hallazgo;"Se leyeron 28 líneas y no aparece una fecha de vencimiento."
SVBJ-57;tacografo;;ILEGIBLE;;sin fecha;sin_dictamen;;"Escaneo sin texto. Se extrajo la página para leerla a ojo."
SVBJ-57;torque_ruedas;;ILEGIBLE;;sin fecha;sin_dictamen;;"Escaneo sin texto. Se extrajo la página para leerla a ojo."
SVCZ-38;aire_acondicionado;;NO_DECLARA;SIN VENCIMIENTO;sin fecha;coincide;leido_sin_hallazgo;"Se leyeron 22 líneas y no aparece una fecha de vencimiento."
SVCZ-38;analisis_gases;;DECLARA;2026-11-04;2026-11-04;coincide;etiqueta_y_fila;"VALIDA HASTA → 04 NOVIEMBRE 2026"
SVCZ-38;ausencia_falla_ecm;;NO_DECLARA;SIN VENCIMIENTO;sin fecha;coincide;leido_sin_hallazgo;"Se leyeron 21 líneas y no aparece una fecha de vencimiento."
SVCZ-38;cert_cabina;;NO_DECLARA;SIN VENCIMIENTO;sin fecha;coincide;leido_sin_hallazgo;"Se leyeron 36 líneas y no aparece una fecha de vencimiento."
SVCZ-38;factura_compra;;NO_CADUCA;;sin fecha;coincide;tipo_no_caduca;"Papel de identidad del equipo: no tiene vencimiento."
SVCZ-38;ficha_tecnica;;NO_CADUCA;;sin fecha;coincide;tipo_no_caduca;"Papel de identidad del equipo: no tiene vencimiento."
SVCZ-38;gps;;ILEGIBLE;;sin fecha;sin_dictamen;;"Escaneo sin texto. Se extrajo la página para leerla a ojo."
SVCZ-38;hermeticidad;;NO_DECLARA;SIN VENCIMIENTO;sin fecha;coincide;leido_sin_hallazgo;"Se leyeron 34 líneas y no aparece una fecha de vencimiento."
SVCZ-38;homologacion;;NO_CADUCA;;sin fecha;coincide;tipo_no_caduca;"Papel de identidad del equipo: no tiene vencimiento."
SVCZ-38;inscripcion_rnvm;;NO_CADUCA;;sin fecha;coincide;tipo_no_caduca;"Papel de identidad del equipo: no tiene vencimiento."
SVCZ-38;inventario_neumaticos;;NO_DECLARA;SIN VENCIMIENTO;2025-04-15;sistema_tiene_fecha_que_el_papel_no_dice;leido_sin_hallazgo;"Se leyeron 88 líneas y no aparece una fecha de vencimiento."
SVCZ-38;laminas_seguridad;;NO_DECLARA;SIN VENCIMIENTO;2025-04-03;sistema_tiene_fecha_que_el_papel_no_dice;leido_sin_hallazgo;"Se leyeron 30 líneas y no aparece una fecha de vencimiento."
SVCZ-38;mant_hidraulico;;NO_DECLARA;SIN VENCIMIENTO;sin fecha;coincide;leido_sin_hallazgo;"Se leyeron 28 líneas y no aparece una fecha de vencimiento."
SVCZ-38;mantencion;;NO_DECLARA;SIN VENCIMIENTO;2025-11-08;sistema_tiene_fecha_que_el_papel_no_dice;leido_sin_hallazgo;"Se leyeron 22 líneas y no aparece una fecha de vencimiento."
SVCZ-38;operatividad;;NO_DECLARA;SIN VENCIMIENTO;2025-09-26;sistema_tiene_fecha_que_el_papel_no_dice;leido_sin_hallazgo;"Se leyeron 31 líneas y no aparece una fecha de vencimiento."
SVCZ-38;padron;;NO_CADUCA;;sin fecha;coincide;tipo_no_caduca;"Papel de identidad del equipo: no tiene vencimiento."
SVCZ-38;seguro_rc;;NO_DECLARA;SIN VENCIMIENTO;sin fecha;coincide;leido_sin_hallazgo;"Se leyeron 114 líneas y no aparece una fecha de vencimiento."
SVCZ-38;sist_riego;;NO_DECLARA;SIN VENCIMIENTO;sin fecha;coincide;leido_sin_hallazgo;"Se leyeron 23 líneas y no aparece una fecha de vencimiento."
SVCZ-38;tacografo;;NO_DECLARA;SIN VENCIMIENTO;sin fecha;coincide;leido_sin_hallazgo;"Se leyeron 23 líneas y no aparece una fecha de vencimiento."
SVCZ-38;torque_ruedas;;NO_DECLARA;SIN VENCIMIENTO;2025-08-08;sistema_tiene_fecha_que_el_papel_no_dice;leido_sin_hallazgo;"Se leyeron 24 líneas y no aparece una fecha de vencimiento."
TCJV-15;analisis_gases;;ILEGIBLE;;2026-12-12;sin_dictamen;;"Escaneo sin texto. Se extrajo la página para leerla a ojo."
TCJV-15;cert_cabina;;NO_DECLARA;SIN VENCIMIENTO;sin fecha;coincide;leido_sin_hallazgo;"Se leyeron 32 líneas y no aparece una fecha de vencimiento."
TCJV-15;factura_compra;;NO_CADUCA;;sin fecha;coincide;tipo_no_caduca;"Papel de identidad del equipo: no tiene vencimiento."
TCJV-15;ficha_tecnica;;NO_CADUCA;;sin fecha;coincide;tipo_no_caduca;"Papel de identidad del equipo: no tiene vencimiento."
TCJV-15;hermeticidad;;DECLARA;2026-12-12;2026-12-12;coincide;linea_lo_dice;"Fecha de vencimiento sábado, 12 de diciembre de 2026"
TCJV-15;inscripcion_rnvm;;NO_CADUCA;;sin fecha;coincide;tipo_no_caduca;"Papel de identidad del equipo: no tiene vencimiento."
TCJV-15;inscripcion_sec;;NO_DECLARA;SIN VENCIMIENTO;sin fecha;coincide;leido_sin_hallazgo;"Se leyeron 69 líneas y no aparece una fecha de vencimiento."
TCJV-15;inventario_neumaticos;;ILEGIBLE;;2025-03-25;sin_dictamen;;"Escaneo sin texto. Se extrajo la página para leerla a ojo."
TCJV-15;laminas_seguridad;;NO_DECLARA;SIN VENCIMIENTO;sin fecha;coincide;leido_sin_hallazgo;"Se leyeron 18 líneas y no aparece una fecha de vencimiento."
TCJV-15;mantencion;;NO_DECLARA;SIN VENCIMIENTO;2027-06-12;sistema_tiene_fecha_que_el_papel_no_dice;leido_sin_hallazgo;"Se leyeron 22 líneas y no aparece una fecha de vencimiento."
TCJV-15;padron;;NO_CADUCA;;sin fecha;coincide;tipo_no_caduca;"Papel de identidad del equipo: no tiene vencimiento."
TCJV-15;seguro_rc;;NO_DECLARA;SIN VENCIMIENTO;2028-08-27;sistema_tiene_fecha_que_el_papel_no_dice;leido_sin_hallazgo;"Se leyeron 28 líneas y no aparece una fecha de vencimiento."
TCRB-71;factura_compra;;NO_CADUCA;;sin fecha;coincide;tipo_no_caduca;"Papel de identidad del equipo: no tiene vencimiento."
TCRB-71;homologacion;;NO_CADUCA;;sin fecha;coincide;tipo_no_caduca;"Papel de identidad del equipo: no tiene vencimiento."
TCRB-71;padron;;NO_CADUCA;;sin fecha;coincide;tipo_no_caduca;"Papel de identidad del equipo: no tiene vencimiento."
TCRB-71;seguro_rc;;NO_DECLARA;SIN VENCIMIENTO;2028-08-27;sistema_tiene_fecha_que_el_papel_no_dice;leido_sin_hallazgo;"Se leyeron 28 líneas y no aparece una fecha de vencimiento."
TGGF-56;analisis_gases;;NO_DECLARA;SIN VENCIMIENTO;2026-09-04;sistema_tiene_fecha_que_el_papel_no_dice;leido_sin_hallazgo;"Se leyeron 32 líneas y no aparece una fecha de vencimiento."
TGGF-56;cert_cabina;;NO_DECLARA;SIN VENCIMIENTO;sin fecha;coincide;leido_sin_hallazgo;"Se leyeron 36 líneas y no aparece una fecha de vencimiento."
TGGF-56;factura_compra;;NO_CADUCA;;sin fecha;coincide;tipo_no_caduca;"Papel de identidad del equipo: no tiene vencimiento."
TGGF-56;hermeticidad;;NO_DECLARA;SIN VENCIMIENTO;2025-04-12;sistema_tiene_fecha_que_el_papel_no_dice;leido_sin_hallazgo;"Se leyeron 29 líneas y no aparece una fecha de vencimiento."
TGGF-56;inscripcion_rnvm;;NO_CADUCA;;sin fecha;coincide;tipo_no_caduca;"Papel de identidad del equipo: no tiene vencimiento."
TGGF-56;laminas_seguridad;;NO_DECLARA;SIN VENCIMIENTO;2026-02-28;sistema_tiene_fecha_que_el_papel_no_dice;leido_sin_hallazgo;"Se leyeron 36 líneas y no aparece una fecha de vencimiento."
TGGF-56;mantencion;;NO_DECLARA;SIN VENCIMIENTO;2027-04-23;sistema_tiene_fecha_que_el_papel_no_dice;leido_sin_hallazgo;"Se leyeron 22 líneas y no aparece una fecha de vencimiento."
TGGF-56;seguro_rc;;NO_DECLARA;SIN VENCIMIENTO;2028-08-27;sistema_tiene_fecha_que_el_papel_no_dice;leido_sin_hallazgo;"Se leyeron 28 líneas y no aparece una fecha de vencimiento."
TGGF-56;torque_ruedas;;ILEGIBLE;;sin fecha;sin_dictamen;;"Escaneo sin texto. Se extrajo la página para leerla a ojo."
TGGF-57;analisis_gases;;ILEGIBLE;;2027-02-14;sin_dictamen;;"Escaneo sin texto y sin imagen recuperable del PDF."
TGGF-57;ausencia_falla_ecm;;NO_DECLARA;SIN VENCIMIENTO;sin fecha;coincide;leido_sin_hallazgo;"Se leyeron 21 líneas y no aparece una fecha de vencimiento."
TGGF-57;cert_cabina;;NO_DECLARA;SIN VENCIMIENTO;sin fecha;coincide;leido_sin_hallazgo;"Se leyeron 36 líneas y no aparece una fecha de vencimiento."
TGGF-57;factura_compra;;NO_CADUCA;;sin fecha;coincide;tipo_no_caduca;"Papel de identidad del equipo: no tiene vencimiento."
TGGF-57;hermeticidad;;NO_DECLARA;SIN VENCIMIENTO;2025-05-02;sistema_tiene_fecha_que_el_papel_no_dice;leido_sin_hallazgo;"Se leyeron 29 líneas y no aparece una fecha de vencimiento."
TGGF-57;inscripcion_rnvm;;NO_CADUCA;;sin fecha;coincide;tipo_no_caduca;"Papel de identidad del equipo: no tiene vencimiento."
TGGF-57;inventario_neumaticos;;NO_DECLARA;SIN VENCIMIENTO;2025-05-07;sistema_tiene_fecha_que_el_papel_no_dice;leido_sin_hallazgo;"Se leyeron 25 líneas y no aparece una fecha de vencimiento."
TGGF-57;laminas_seguridad;;NO_DECLARA;SIN VENCIMIENTO;2026-03-26;sistema_tiene_fecha_que_el_papel_no_dice;leido_sin_hallazgo;"Se leyeron 37 líneas y no aparece una fecha de vencimiento."
TGGF-57;mant_hidraulico;;NO_DECLARA;SIN VENCIMIENTO;sin fecha;coincide;leido_sin_hallazgo;"Se leyeron 27 líneas y no aparece una fecha de vencimiento."
TGGF-57;mantencion;;NO_DECLARA;SIN VENCIMIENTO;sin fecha;coincide;leido_sin_hallazgo;"Se leyeron 20 líneas y no aparece una fecha de vencimiento."
TGGF-57;operatividad;;NO_DECLARA;SIN VENCIMIENTO;sin fecha;coincide;leido_sin_hallazgo;"Se leyeron 29 líneas y no aparece una fecha de vencimiento."
TGGF-57;revision_tecnica;;ILEGIBLE;;2027-02-14;sin_dictamen;;"Escaneo sin texto y sin imagen recuperable del PDF."
TGGF-57;seguro_rc;;NO_DECLARA;SIN VENCIMIENTO;2028-08-27;sistema_tiene_fecha_que_el_papel_no_dice;leido_sin_hallazgo;"Se leyeron 28 líneas y no aparece una fecha de vencimiento."
TGGF-57;sist_riego;;NO_DECLARA;SIN VENCIMIENTO;sin fecha;coincide;leido_sin_hallazgo;"Se leyeron 24 líneas y no aparece una fecha de vencimiento."
TGGF-57;tacografo;;NO_DECLARA;SIN VENCIMIENTO;sin fecha;coincide;leido_sin_hallazgo;"Se leyeron 23 líneas y no aparece una fecha de vencimiento."
TGGF-57;torque_ruedas;;NO_DECLARA;SIN VENCIMIENTO;sin fecha;coincide;leido_sin_hallazgo;"Se leyeron 24 líneas y no aparece una fecha de vencimiento."
TGGF-58;analisis_gases;;ILEGIBLE;;2027-02-12;sin_dictamen;;"Escaneo sin texto. Se extrajo la página para leerla a ojo."
TGGF-58;cert_cabina;;NO_DECLARA;SIN VENCIMIENTO;sin fecha;coincide;leido_sin_hallazgo;"Se leyeron 36 líneas y no aparece una fecha de vencimiento."
TGGF-58;factura_compra;;NO_CADUCA;;sin fecha;coincide;tipo_no_caduca;"Papel de identidad del equipo: no tiene vencimiento."
TGGF-58;hermeticidad;;NO_DECLARA;SIN VENCIMIENTO;2025-03-20;sistema_tiene_fecha_que_el_papel_no_dice;leido_sin_hallazgo;"Se leyeron 29 líneas y no aparece una fecha de vencimiento."
TGGF-58;homologacion;;NO_CADUCA;;sin fecha;coincide;tipo_no_caduca;"Papel de identidad del equipo: no tiene vencimiento."
TGGF-58;inscripcion_rnvm;;NO_CADUCA;;sin fecha;coincide;tipo_no_caduca;"Papel de identidad del equipo: no tiene vencimiento."
TGGF-58;inventario_neumaticos;;ILEGIBLE;;2025-04-08;sin_dictamen;;"Escaneo sin texto. Se extrajo la página para leerla a ojo."
TGGF-58;laminas_seguridad;;NO_DECLARA;SIN VENCIMIENTO;2026-03-26;sistema_tiene_fecha_que_el_papel_no_dice;leido_sin_hallazgo;"Se leyeron 37 líneas y no aparece una fecha de vencimiento."
TGGF-58;mantencion;;ILEGIBLE;;sin fecha;sin_dictamen;;"Escaneo sin texto. Se extrajo la página para leerla a ojo."
TGGF-58;operatividad;;ILEGIBLE;;sin fecha;sin_dictamen;;"Escaneo sin texto. Se extrajo la página para leerla a ojo."
TGGF-58;seguro_rc;;NO_DECLARA;SIN VENCIMIENTO;sin fecha;coincide;leido_sin_hallazgo;"Se leyeron 737 líneas y no aparece una fecha de vencimiento."
TGGF-58;torque_ruedas;;ILEGIBLE;;sin fecha;sin_dictamen;;"Escaneo sin texto. Se extrajo la página para leerla a ojo."
TGGF-59;analisis_gases;;NO_DECLARA;SIN VENCIMIENTO;2026-09-19;sistema_tiene_fecha_que_el_papel_no_dice;leido_sin_hallazgo;"Se leyeron 34 líneas y no aparece una fecha de vencimiento."
TGGF-59;cert_cabina;;NO_DECLARA;SIN VENCIMIENTO;sin fecha;coincide;leido_sin_hallazgo;"Se leyeron 36 líneas y no aparece una fecha de vencimiento."
TGGF-59;factura_compra;;NO_CADUCA;;sin fecha;coincide;tipo_no_caduca;"Papel de identidad del equipo: no tiene vencimiento."
TGGF-59;inscripcion_rnvm;;NO_CADUCA;;sin fecha;coincide;tipo_no_caduca;"Papel de identidad del equipo: no tiene vencimiento."
TGGF-59;laminas_seguridad;;NO_DECLARA;SIN VENCIMIENTO;2026-03-26;sistema_tiene_fecha_que_el_papel_no_dice;leido_sin_hallazgo;"Se leyeron 37 líneas y no aparece una fecha de vencimiento."
TGGF-59;mantencion;;ILEGIBLE;;sin fecha;sin_dictamen;;"Escaneo sin texto y sin imagen recuperable del PDF."
TGGF-59;operatividad;;ILEGIBLE;;sin fecha;sin_dictamen;;"Escaneo sin texto. Se extrajo la página para leerla a ojo."
TGGF-59;seguro_rc;;NO_DECLARA;SIN VENCIMIENTO;2028-08-27;sistema_tiene_fecha_que_el_papel_no_dice;leido_sin_hallazgo;"Se leyeron 28 líneas y no aparece una fecha de vencimiento."
TGGF-59;torque_ruedas;;ILEGIBLE;;sin fecha;sin_dictamen;;"Escaneo sin texto. Se extrajo la página para leerla a ojo."
TGGF-60;analisis_gases;;NO_DECLARA;SIN VENCIMIENTO;2026-09-07;sistema_tiene_fecha_que_el_papel_no_dice;leido_sin_hallazgo;"Se leyeron 30 líneas y no aparece una fecha de vencimiento."
TGGF-60;ausencia_falla_ecm;;NO_DECLARA;SIN VENCIMIENTO;sin fecha;coincide;leido_sin_hallazgo;"Se leyeron 21 líneas y no aparece una fecha de vencimiento."
TGGF-60;cert_cabina;;NO_DECLARA;SIN VENCIMIENTO;sin fecha;coincide;leido_sin_hallazgo;"Se leyeron 36 líneas y no aparece una fecha de vencimiento."
TGGF-60;cert_gancho;;NO_DECLARA;SIN VENCIMIENTO;2027-11-10;sistema_tiene_fecha_que_el_papel_no_dice;leido_sin_hallazgo;"Se leyeron 52 líneas y no aparece una fecha de vencimiento."
TGGF-60;factura_compra;;NO_CADUCA;;sin fecha;coincide;tipo_no_caduca;"Papel de identidad del equipo: no tiene vencimiento."
TGGF-60;inscripcion_rnvm;;NO_CADUCA;;sin fecha;coincide;tipo_no_caduca;"Papel de identidad del equipo: no tiene vencimiento."
TGGF-60;inventario_neumaticos;;NO_DECLARA;SIN VENCIMIENTO;2027-04-22;sistema_tiene_fecha_que_el_papel_no_dice;leido_sin_hallazgo;"Se leyeron 25 líneas y no aparece una fecha de vencimiento."
TGGF-60;laminas_seguridad;;NO_DECLARA;SIN VENCIMIENTO;2026-03-26;sistema_tiene_fecha_que_el_papel_no_dice;leido_sin_hallazgo;"Se leyeron 36 líneas y no aparece una fecha de vencimiento."
TGGF-60;mant_hidraulico;;NO_DECLARA;SIN VENCIMIENTO;sin fecha;coincide;leido_sin_hallazgo;"Se leyeron 26 líneas y no aparece una fecha de vencimiento."
TGGF-60;mantencion;;NO_DECLARA;SIN VENCIMIENTO;sin fecha;coincide;leido_sin_hallazgo;"Se leyeron 20 líneas y no aparece una fecha de vencimiento."
TGGF-60;operatividad;;NO_DECLARA;SIN VENCIMIENTO;sin fecha;coincide;leido_sin_hallazgo;"Se leyeron 29 líneas y no aparece una fecha de vencimiento."
TGGF-60;seguro_rc;;NO_DECLARA;SIN VENCIMIENTO;2028-08-27;sistema_tiene_fecha_que_el_papel_no_dice;leido_sin_hallazgo;"Se leyeron 28 líneas y no aparece una fecha de vencimiento."
TGGF-60;tacografo;;NO_DECLARA;SIN VENCIMIENTO;sin fecha;coincide;leido_sin_hallazgo;"Se leyeron 23 líneas y no aparece una fecha de vencimiento."
TGGF-60;torque_ruedas;;NO_DECLARA;SIN VENCIMIENTO;sin fecha;coincide;leido_sin_hallazgo;"Se leyeron 24 líneas y no aparece una fecha de vencimiento."
TRDP-96;analisis_gases;;NO_DECLARA;SIN VENCIMIENTO;2026-09-07;sistema_tiene_fecha_que_el_papel_no_dice;leido_sin_hallazgo;"Se leyeron 38 líneas y no aparece una fecha de vencimiento."
TRDP-96;cert_cabina;;NO_DECLARA;SIN VENCIMIENTO;sin fecha;coincide;leido_sin_hallazgo;"Se leyeron 36 líneas y no aparece una fecha de vencimiento."
TRDP-96;factura_compra;;NO_CADUCA;;sin fecha;coincide;tipo_no_caduca;"Papel de identidad del equipo: no tiene vencimiento."
TRDP-96;gps;;NO_DECLARA;SIN VENCIMIENTO;sin fecha;coincide;leido_sin_hallazgo;"Se leyeron 18 líneas y no aparece una fecha de vencimiento."
TRDP-96;homologacion;;NO_CADUCA;;sin fecha;coincide;tipo_no_caduca;"Papel de identidad del equipo: no tiene vencimiento."
TRDP-96;inscripcion_rnvm;;NO_CADUCA;;sin fecha;coincide;tipo_no_caduca;"Papel de identidad del equipo: no tiene vencimiento."
TRDP-96;mantencion;;NO_DECLARA;SIN VENCIMIENTO;sin fecha;coincide;leido_sin_hallazgo;"Se leyeron 65 líneas y no aparece una fecha de vencimiento."
TRDP-96;padron;;NO_CADUCA;;sin fecha;coincide;tipo_no_caduca;"Papel de identidad del equipo: no tiene vencimiento."
TRDP-96;seguro_rc;;NO_DECLARA;SIN VENCIMIENTO;2028-08-27;sistema_tiene_fecha_que_el_papel_no_dice;leido_sin_hallazgo;"Se leyeron 28 líneas y no aparece una fecha de vencimiento."
TRDP-97;aire_acondicionado;;ILEGIBLE;;2027-06-12;sin_dictamen;;"Escaneo sin texto. Se extrajo la página para leerla a ojo."
TRDP-97;analisis_gases;;ILEGIBLE;;2027-02-26;sin_dictamen;;"Escaneo sin texto y sin imagen recuperable del PDF."
TRDP-97;ausencia_falla_ecm;;NO_DECLARA;SIN VENCIMIENTO;sin fecha;coincide;leido_sin_hallazgo;"Se leyeron 21 líneas y no aparece una fecha de vencimiento."
TRDP-97;cert_cabina;;NO_DECLARA;SIN VENCIMIENTO;sin fecha;coincide;leido_sin_hallazgo;"Se leyeron 36 líneas y no aparece una fecha de vencimiento."
TRDP-97;factura_compra;;NO_CADUCA;;sin fecha;coincide;tipo_no_caduca;"Papel de identidad del equipo: no tiene vencimiento."
TRDP-97;gps;;NO_DECLARA;SIN VENCIMIENTO;sin fecha;coincide;leido_sin_hallazgo;"Se leyeron 27 líneas y no aparece una fecha de vencimiento."
TRDP-97;hermeticidad;;NO_DECLARA;SIN VENCIMIENTO;2025-09-02;sistema_tiene_fecha_que_el_papel_no_dice;leido_sin_hallazgo;"Se leyeron 29 líneas y no aparece una fecha de vencimiento."
TRDP-97;homologacion;;NO_CADUCA;;sin fecha;coincide;tipo_no_caduca;"Papel de identidad del equipo: no tiene vencimiento."
TRDP-97;inscripcion_rnvm;;NO_CADUCA;;sin fecha;coincide;tipo_no_caduca;"Papel de identidad del equipo: no tiene vencimiento."
TRDP-97;inventario_neumaticos;;NO_DECLARA;SIN VENCIMIENTO;2027-04-16;sistema_tiene_fecha_que_el_papel_no_dice;leido_sin_hallazgo;"Se leyeron 25 líneas y no aparece una fecha de vencimiento."
TRDP-97;laminas_seguridad;;NO_DECLARA;SIN VENCIMIENTO;2027-07-25;sistema_tiene_fecha_que_el_papel_no_dice;leido_sin_hallazgo;"Se leyeron 35 líneas y no aparece una fecha de vencimiento."
TRDP-97;mant_hidraulico;;NO_DECLARA;SIN VENCIMIENTO;sin fecha;coincide;leido_sin_hallazgo;"Se leyeron 27 líneas y no aparece una fecha de vencimiento."
TRDP-97;mantencion;;ILEGIBLE;;2027-07-02;sin_dictamen;;"Escaneo sin texto. Se extrajo la página para leerla a ojo."
TRDP-97;operatividad;;ILEGIBLE;;2027-06-12;sin_dictamen;;"Escaneo sin texto. Se extrajo la página para leerla a ojo."
TRDP-97;padron;;NO_CADUCA;;sin fecha;coincide;tipo_no_caduca;"Papel de identidad del equipo: no tiene vencimiento."
TRDP-97;seguro_rc;;NO_DECLARA;SIN VENCIMIENTO;2028-08-27;sistema_tiene_fecha_que_el_papel_no_dice;leido_sin_hallazgo;"Se leyeron 28 líneas y no aparece una fecha de vencimiento."
TRDP-97;sist_riego;;NO_DECLARA;SIN VENCIMIENTO;sin fecha;coincide;leido_sin_hallazgo;"Se leyeron 21 líneas y no aparece una fecha de vencimiento."
TRDP-97;tacografo;;NO_DECLARA;SIN VENCIMIENTO;sin fecha;coincide;leido_sin_hallazgo;"Se leyeron 23 líneas y no aparece una fecha de vencimiento."
TRDP-97;torque_ruedas;;ILEGIBLE;;2027-06-12;sin_dictamen;;"Escaneo sin texto. Se extrajo la página para leerla a ojo."
TRSS-13;analisis_gases;;NO_DECLARA;SIN VENCIMIENTO;2026-11-02;sistema_tiene_fecha_que_el_papel_no_dice;leido_sin_hallazgo;"Se leyeron 37 líneas y no aparece una fecha de vencimiento."
TRSS-13;cert_cabina;;NO_DECLARA;SIN VENCIMIENTO;sin fecha;coincide;leido_sin_hallazgo;"Se leyeron 18 líneas y no aparece una fecha de vencimiento."
TRSS-13;gps;;ILEGIBLE;;sin fecha;sin_dictamen;;"Escaneo sin texto. Se extrajo la página para leerla a ojo."
TRSS-13;inscripcion_rnvm;;NO_CADUCA;;sin fecha;coincide;tipo_no_caduca;"Papel de identidad del equipo: no tiene vencimiento."
TRSS-13;mantencion;;NO_DECLARA;SIN VENCIMIENTO;2027-05-05;sistema_tiene_fecha_que_el_papel_no_dice;leido_sin_hallazgo;"Se leyeron 23 líneas y no aparece una fecha de vencimiento."
TRSS-13;operatividad;;NO_DECLARA;SIN VENCIMIENTO;sin fecha;coincide;leido_sin_hallazgo;"Se leyeron 22 líneas y no aparece una fecha de vencimiento."
TRSS-13;seguro_rc;;NO_DECLARA;SIN VENCIMIENTO;sin fecha;coincide;leido_sin_hallazgo;"Se leyeron 765 líneas y no aparece una fecha de vencimiento."
TRSS-13;torque_ruedas;;ILEGIBLE;;sin fecha;sin_dictamen;;"Escaneo sin texto y sin imagen recuperable del PDF."
TRSS-14;factura_compra;;NO_CADUCA;;sin fecha;coincide;tipo_no_caduca;"Papel de identidad del equipo: no tiene vencimiento."
TRSS-14;ficha_tecnica;;NO_CADUCA;;sin fecha;coincide;tipo_no_caduca;"Papel de identidad del equipo: no tiene vencimiento."
TRSS-14;gps;;NO_DECLARA;SIN VENCIMIENTO;sin fecha;coincide;leido_sin_hallazgo;"Se leyeron 18 líneas y no aparece una fecha de vencimiento."
TRSS-14;inscripcion_rnvm;;NO_CADUCA;;sin fecha;coincide;tipo_no_caduca;"Papel de identidad del equipo: no tiene vencimiento."
TRSS-14;inventario_neumaticos;;NO_DECLARA;SIN VENCIMIENTO;sin fecha;coincide;leido_sin_hallazgo;"Se leyeron 23 líneas y no aparece una fecha de vencimiento."
TRSS-14;mantencion;;NO_DECLARA;SIN VENCIMIENTO;sin fecha;coincide;leido_sin_hallazgo;"Se leyeron 33 líneas y no aparece una fecha de vencimiento."
TRSS-14;operatividad;;NO_DECLARA;SIN VENCIMIENTO;sin fecha;coincide;leido_sin_hallazgo;"Se leyeron 32 líneas y no aparece una fecha de vencimiento."
TRSS-14;seguro_rc;;NO_DECLARA;SIN VENCIMIENTO;2028-08-27;sistema_tiene_fecha_que_el_papel_no_dice;leido_sin_hallazgo;"Se leyeron 28 líneas y no aparece una fecha de vencimiento."
TRSS-14;torque_ruedas;;ILEGIBLE;;sin fecha;sin_dictamen;;"Escaneo sin texto y sin imagen recuperable del PDF."
TRSS-15;analisis_gases;;ILEGIBLE;;2027-02-22;sin_dictamen;;"Escaneo sin texto. Se extrajo la página para leerla a ojo."
TRSS-15;cert_cabina;;NO_DECLARA;SIN VENCIMIENTO;sin fecha;coincide;leido_sin_hallazgo;"Se leyeron 18 líneas y no aparece una fecha de vencimiento."
TRSS-15;factura_compra;;NO_CADUCA;;sin fecha;coincide;tipo_no_caduca;"Papel de identidad del equipo: no tiene vencimiento."
TRSS-15;gps;;ILEGIBLE;;sin fecha;sin_dictamen;;"Escaneo sin texto. Se extrajo la página para leerla a ojo."
TRSS-15;inscripcion_rnvm;;NO_CADUCA;;sin fecha;coincide;tipo_no_caduca;"Papel de identidad del equipo: no tiene vencimiento."
TRSS-15;mantencion;;NO_DECLARA;SIN VENCIMIENTO;sin fecha;coincide;leido_sin_hallazgo;"Se leyeron 33 líneas y no aparece una fecha de vencimiento."
TRSS-15;operatividad;;NO_DECLARA;SIN VENCIMIENTO;sin fecha;coincide;leido_sin_hallazgo;"Se leyeron 22 líneas y no aparece una fecha de vencimiento."
TRSS-15;seguro_rc;;NO_DECLARA;SIN VENCIMIENTO;sin fecha;coincide;leido_sin_hallazgo;"Se leyeron 765 líneas y no aparece una fecha de vencimiento."
TRSS-15;torque_ruedas;;ILEGIBLE;;sin fecha;sin_dictamen;;"Escaneo sin texto y sin imagen recuperable del PDF."
TRSS-16;aire_acondicionado;;NO_DECLARA;SIN VENCIMIENTO;2027-12-31;sistema_tiene_fecha_que_el_papel_no_dice;leido_sin_hallazgo;"Se leyeron 22 líneas y no aparece una fecha de vencimiento."
TRSS-16;analisis_gases;;NO_DECLARA;SIN VENCIMIENTO;2026-11-07;sistema_tiene_fecha_que_el_papel_no_dice;leido_sin_hallazgo;"Se leyeron 29 líneas y no aparece una fecha de vencimiento."
TRSS-16;ausencia_falla_ecm;;NO_DECLARA;SIN VENCIMIENTO;2027-12-31;sistema_tiene_fecha_que_el_papel_no_dice;leido_sin_hallazgo;"Se leyeron 23 líneas y no aparece una fecha de vencimiento."
TRSS-16;cert_cabina;;NO_DECLARA;SIN VENCIMIENTO;sin fecha;coincide;leido_sin_hallazgo;"Se leyeron 18 líneas y no aparece una fecha de vencimiento."
TRSS-16;cert_gancho;;DECLARA;2027-02-12;2027-02-12;coincide;linea_lo_dice;"Fecha Vencimiento : 12/02/2027"
TRSS-16;factura_compra;;NO_CADUCA;;sin fecha;coincide;tipo_no_caduca;"Papel de identidad del equipo: no tiene vencimiento."
TRSS-16;gps;;NO_DECLARA;SIN VENCIMIENTO;sin fecha;coincide;leido_sin_hallazgo;"Se leyeron 27 líneas y no aparece una fecha de vencimiento."
TRSS-16;inscripcion_rnvm;;NO_CADUCA;;sin fecha;coincide;tipo_no_caduca;"Papel de identidad del equipo: no tiene vencimiento."
TRSS-16;inventario_neumaticos;;NO_DECLARA;SIN VENCIMIENTO;2027-04-23;sistema_tiene_fecha_que_el_papel_no_dice;leido_sin_hallazgo;"Se leyeron 25 líneas y no aparece una fecha de vencimiento."
TRSS-16;mant_hidraulico;;NO_DECLARA;SIN VENCIMIENTO;sin fecha;coincide;leido_sin_hallazgo;"Se leyeron 27 líneas y no aparece una fecha de vencimiento."
TRSS-16;mantencion;;NO_DECLARA;SIN VENCIMIENTO;2027-11-20;sistema_tiene_fecha_que_el_papel_no_dice;leido_sin_hallazgo;"Se leyeron 65 líneas y no aparece una fecha de vencimiento."
TRSS-16;operatividad;;NO_DECLARA;SIN VENCIMIENTO;2027-12-31;sistema_tiene_fecha_que_el_papel_no_dice;leido_sin_hallazgo;"Se leyeron 34 líneas y no aparece una fecha de vencimiento."
TRSS-16;seguro_rc;;NO_DECLARA;SIN VENCIMIENTO;sin fecha;coincide;leido_sin_hallazgo;"Se leyeron 765 líneas y no aparece una fecha de vencimiento."
TRSS-16;tacografo;;NO_DECLARA;SIN VENCIMIENTO;sin fecha;coincide;leido_sin_hallazgo;"Se leyeron 23 líneas y no aparece una fecha de vencimiento."
TRSS-16;torque_ruedas;;NO_DECLARA;SIN VENCIMIENTO;2027-12-31;sistema_tiene_fecha_que_el_papel_no_dice;leido_sin_hallazgo;"Se leyeron 34 líneas y no aparece una fecha de vencimiento."
TRST-57;analisis_gases;;NO_DECLARA;SIN VENCIMIENTO;2026-11-26;sistema_tiene_fecha_que_el_papel_no_dice;leido_sin_hallazgo;"Se leyeron 30 líneas y no aparece una fecha de vencimiento."
TRST-57;cert_cabina;;NO_DECLARA;SIN VENCIMIENTO;sin fecha;coincide;leido_sin_hallazgo;"Se leyeron 18 líneas y no aparece una fecha de vencimiento."
TRST-57;factura_compra;;NO_CADUCA;;sin fecha;coincide;tipo_no_caduca;"Papel de identidad del equipo: no tiene vencimiento."
TRST-57;gps;;NO_DECLARA;SIN VENCIMIENTO;sin fecha;coincide;leido_sin_hallazgo;"Se leyeron 27 líneas y no aparece una fecha de vencimiento."
TRST-57;inscripcion_rnvm;;NO_CADUCA;;sin fecha;coincide;tipo_no_caduca;"Papel de identidad del equipo: no tiene vencimiento."
TRST-57;inscripcion_sec;;NO_DECLARA;SIN VENCIMIENTO;sin fecha;coincide;leido_sin_hallazgo;"Se leyeron 67 líneas y no aparece una fecha de vencimiento."
TRST-57;inventario_neumaticos;;NO_DECLARA;SIN VENCIMIENTO;sin fecha;coincide;leido_sin_hallazgo;"Se leyeron 23 líneas y no aparece una fecha de vencimiento."
TRST-57;laminas_seguridad;;NO_DECLARA;SIN VENCIMIENTO;sin fecha;coincide;leido_sin_hallazgo;"Se leyeron 18 líneas y no aparece una fecha de vencimiento."
TRST-57;mant_hidraulico;;NO_DECLARA;SIN VENCIMIENTO;sin fecha;coincide;leido_sin_hallazgo;"Se leyeron 319 líneas y no aparece una fecha de vencimiento."
TRST-57;mantencion;;NO_DECLARA;SIN VENCIMIENTO;sin fecha;coincide;leido_sin_hallazgo;"Se leyeron 53 líneas y no aparece una fecha de vencimiento."
TRST-57;operatividad;;NO_DECLARA;SIN VENCIMIENTO;sin fecha;coincide;leido_sin_hallazgo;"Se leyeron 32 líneas y no aparece una fecha de vencimiento."
TRST-57;seguro_rc;;NO_DECLARA;SIN VENCIMIENTO;2028-08-27;sistema_tiene_fecha_que_el_papel_no_dice;leido_sin_hallazgo;"Se leyeron 28 líneas y no aparece una fecha de vencimiento."
TRST-57;torque_ruedas;;ILEGIBLE;;sin fecha;sin_dictamen;;"Escaneo sin texto y sin imagen recuperable del PDF."
TRST-58;analisis_gases;;NO_DECLARA;SIN VENCIMIENTO;2026-09-27;sistema_tiene_fecha_que_el_papel_no_dice;leido_sin_hallazgo;"Se leyeron 33 líneas y no aparece una fecha de vencimiento."
TRST-58;factura_compra;;NO_CADUCA;;sin fecha;coincide;tipo_no_caduca;"Papel de identidad del equipo: no tiene vencimiento."
TRST-58;gps;;NO_DECLARA;SIN VENCIMIENTO;sin fecha;coincide;leido_sin_hallazgo;"Se leyeron 27 líneas y no aparece una fecha de vencimiento."
TRST-58;hermeticidad;;NO_DECLARA;SIN VENCIMIENTO;2025-10-09;sistema_tiene_fecha_que_el_papel_no_dice;leido_sin_hallazgo;"Se leyeron 29 líneas y no aparece una fecha de vencimiento."
TRST-58;inscripcion_rnvm;;NO_CADUCA;;sin fecha;coincide;tipo_no_caduca;"Papel de identidad del equipo: no tiene vencimiento."
TRST-58;laminas_seguridad;;NO_DECLARA;SIN VENCIMIENTO;2026-12-31;sistema_tiene_fecha_que_el_papel_no_dice;leido_sin_hallazgo;"Se leyeron 43 líneas y no aparece una fecha de vencimiento."
TRST-58;mant_hidraulico;;NO_DECLARA;SIN VENCIMIENTO;sin fecha;coincide;leido_sin_hallazgo;"Se leyeron 284 líneas y no aparece una fecha de vencimiento."
TRST-58;mantencion;;NO_DECLARA;SIN VENCIMIENTO;2027-03-27;sistema_tiene_fecha_que_el_papel_no_dice;leido_sin_hallazgo;"Se leyeron 22 líneas y no aparece una fecha de vencimiento."
TRST-58;operatividad;;NO_DECLARA;SIN VENCIMIENTO;sin fecha;coincide;leido_sin_hallazgo;"Se leyeron 32 líneas y no aparece una fecha de vencimiento."
TRST-58;seguro_rc;;NO_DECLARA;SIN VENCIMIENTO;2028-08-27;sistema_tiene_fecha_que_el_papel_no_dice;leido_sin_hallazgo;"Se leyeron 28 líneas y no aparece una fecha de vencimiento."
TRST-58;torque_ruedas;;ILEGIBLE;;sin fecha;sin_dictamen;;"Escaneo sin texto y sin imagen recuperable del PDF."
TSTB-48;factura_compra;;NO_CADUCA;;sin fecha;coincide;tipo_no_caduca;"Papel de identidad del equipo: no tiene vencimiento."
TSTB-48;homologacion;;NO_CADUCA;;sin fecha;coincide;tipo_no_caduca;"Papel de identidad del equipo: no tiene vencimiento."
TSTB-48;inscripcion_rnvm;;NO_CADUCA;;sin fecha;coincide;tipo_no_caduca;"Papel de identidad del equipo: no tiene vencimiento."
TSTB-48;mantencion;;ILEGIBLE;;sin fecha;sin_dictamen;;"Escaneo sin texto. Se extrajo la página para leerla a ojo."
TSTB-48;seguro_rc;;NO_DECLARA;SIN VENCIMIENTO;2028-08-27;sistema_tiene_fecha_que_el_papel_no_dice;leido_sin_hallazgo;"Se leyeron 28 líneas y no aparece una fecha de vencimiento."
TTPC-47;analisis_gases;;ILEGIBLE;;2027-01-10;sin_dictamen;;"Escaneo sin texto. Se extrajo la página para leerla a ojo."
TTPC-47;cert_cabina;;NO_DECLARA;SIN VENCIMIENTO;sin fecha;coincide;leido_sin_hallazgo;"Se leyeron 30 líneas y no aparece una fecha de vencimiento."
TTPC-47;gps;;NO_DECLARA;SIN VENCIMIENTO;sin fecha;coincide;leido_sin_hallazgo;"Se leyeron 27 líneas y no aparece una fecha de vencimiento."
TTPC-47;inscripcion_rnvm;;NO_CADUCA;;sin fecha;coincide;tipo_no_caduca;"Papel de identidad del equipo: no tiene vencimiento."
TTPC-47;laminas_seguridad;;ILEGIBLE;;sin fecha;sin_dictamen;;"Escaneo sin texto y sin imagen recuperable del PDF."
TTPC-47;mantencion;;ILEGIBLE;;sin fecha;sin_dictamen;;"Escaneo sin texto y sin imagen recuperable del PDF."
TTPC-47;operatividad;;NO_DECLARA;SIN VENCIMIENTO;2027-07-13;sistema_tiene_fecha_que_el_papel_no_dice;leido_sin_hallazgo;"Se leyeron 34 líneas y no aparece una fecha de vencimiento."
TTPC-47;otra;;ILEGIBLE;;2027-01-10;sin_dictamen;;"Escaneo sin texto. Se extrajo la página para leerla a ojo."
TTPC-47;seguro_rc;;NO_DECLARA;SIN VENCIMIENTO;2028-08-27;sistema_tiene_fecha_que_el_papel_no_dice;leido_sin_hallazgo;"Se leyeron 28 líneas y no aparece una fecha de vencimiento."
TTPC-47;torque_ruedas;;ILEGIBLE;;sin fecha;sin_dictamen;;"Escaneo sin texto. Se extrajo la página para leerla a ojo."
VRST-19;barra_antivuelco;;NO_DECLARA;SIN VENCIMIENTO;sin fecha;coincide;leido_sin_hallazgo;"Se leyeron 1 líneas y no aparece una fecha de vencimiento."
VRST-19;laminas_seguridad;;NO_DECLARA;SIN VENCIMIENTO;sin fecha;coincide;leido_sin_hallazgo;"Se leyeron 19 líneas y no aparece una fecha de vencimiento."
VRST-19;mantencion;;NO_DECLARA;SIN VENCIMIENTO;2027-12-31;sistema_tiene_fecha_que_el_papel_no_dice;leido_sin_hallazgo;"Se leyeron 22 líneas y no aparece una fecha de vencimiento."
VRST-19;seguro_rc;;NO_DECLARA;SIN VENCIMIENTO;2028-08-27;sistema_tiene_fecha_que_el_papel_no_dice;leido_sin_hallazgo;"Se leyeron 28 líneas y no aparece una fecha de vencimiento."